date,open,high,low,close,volume,symbol,rsi,ema21,ema50,macd,macd_signal,bb_upper,bb_lower,fear_greed,fear_greed_label,btc_dominance,funding_rate
2025-04-30,606.38,610.41,598.92,600.59,,BNB,,600.59,600.59,0.0,0.0,,,,,58.49,
2025-05-04,600.96,604.67,593.07,599.25,,BNB,,599.8880952380952,599.9066,-0.030064102563983397,-0.016702279202212997,,,64,Greed,58.49,
2025-05-08,599.29,608.56,584.65,603.14,,BNB,,601.0768580060424,601.0277936275163,0.0823210332398503,0.023881045569124414,,,65,Greed,58.49,
2025-05-12,602.97,674.3,601.25,650.87,,BNB,,615.3571148459383,614.2457434826069,1.854691987228648,0.6440744539903721,,,70,Greed,58.49,
2025-05-16,650.96,690.35,642.22,651.14,,BNB,,623.9384193543102,622.226464605069,2.789469839586559,1.2822810775018507,,,71,Greed,58.49,
2025-05-20,651.11,658.88,636.19,651.04,,BNB,,629.5954402049869,627.5214822846046,3.294689281839169,1.8277555886089822,,,71,Greed,58.49,
2025-05-24,650.97,689.76,641.41,655.37,,BNB,,634.4083823270391,631.9928166243989,3.7580978525398905,2.316273718764316,,,66,Greed,58.49,
2025-05-28,657.13,693.02,657.13,687.44,,BNB,,643.4451636680494,639.9320011222943,5.533645366813516,3.0894686284777904,,,71,Greed,58.49,
2025-06-01,687.4,689.77,648.65,658.57,,BNB,,645.832695244496,642.349347195721,5.2466360706287105,3.587785009377518,,,56,Greed,58.49,
2025-06-05,658.55,671.88,648.09,663.7,,BNB,,648.4761693971511,644.8887484789083,5.230949711726112,3.9559492882836707,,,57,Greed,58.49,
2025-06-09,663.65,670.13,627.41,652.27,,BNB,,649.0071785607182,645.7018376074161,4.5373149443661305,4.083148771948318,,,62,Greed,58.49,
2025-06-13,652.28,673.62,648.87,656.48,,BNB,,650.0042113312468,646.8104701081221,4.198306758840545,4.107879877993275,,,61,Greed,58.49,
2025-06-17,656.14,659.13,639.26,651.48,,BNB,,650.1930834677736,647.262034795339,3.6087559953494974,4.002247923344466,,,68,Greed,58.49,
2025-06-21,650.63,658.56,638.09,641.47,,BNB,63.24005700220234,649.1166056171593,646.7323686916702,2.5404579145417756,3.696440362838399,,,49,Neutral,58.49,
2025-06-25,641.57,644.95,602.75,643.41,,BNB,63.69626407369495,648.4345428956186,646.4436283360645,1.8175095500200769,3.3069502346807074,,,66,Greed,58.49,
2025-06-29,644.24,649.55,640.58,648.77,,BNB,65.44218535611823,648.473521980594,646.6366050962175,1.5711789075681963,2.9497414354127254,,,68,Greed,58.49,
2025-07-03,648.76,664.55,644.68,660.03,,BNB,66.96082523403493,649.7832295523364,647.7010565696355,2.0606393016321363,2.7678246058269322,,,73,Greed,58.49,
2025-07-07,659.99,665.17,650.7,663.02,,BNB,54.94022932422541,651.250468063417,648.8714234868521,2.598709068922858,2.7333810179276026,,,73,Greed,58.49,
2025-07-11,663.18,686.93,656.66,685.11,,BNB,61.730782512604456,654.9302871569713,651.5407913303369,4.397659375193712,3.0711037874251885,,,71,Greed,58.49,
2025-07-15,685.71,706.95,680.95,689.32,,BNB,62.854264607118886,658.6024714902237,654.2309793696808,6.005553790084036,3.664839089940094,701.1278824153696,600.1191175846302,73,Greed,58.49,
2025-07-19,689.18,759.58,676.25,729.51,,BNB,70.06386663780037,666.0557803236433,659.4252815323218,9.834819143158029,4.910322658906043,713.2730782621862,600.8659217378137,74,Greed,58.49,
2025-07-23,729.65,786.84,722.5,786.48,,BNB,73.61919297910902,678.5366628190665,667.9385728899035,16.50362743844812,7.246219491233874,741.3424983514759,591.5195016485242,74,Greed,58.49,
2025-07-27,786.78,808.09,746.44,794.29,,BNB,85.98091198303284,690.3826291713998,676.1758331090335,22.010546085121064,10.21661895358851,764.4501918040919,587.5268081959082,73,Greed,58.49,
2025-07-31,792.87,858.34,773.43,793.87,,BNB,85.39344173146989,700.8536484698942,683.6544228512001,25.998979019850367,13.388067710151011,785.1329744168967,581.1440255831034,72,Greed,58.49,
2025-08-04,793.12,812.03,731.72,751.4,,BNB,73.06099660354535,705.9160067465405,687.8569172840615,25.84292255479272,15.888484988478043,793.3298156108563,582.9731843891439,64,Greed,58.49,
2025-08-08,751.22,787.19,747.06,787.19,,BNB,76.51210904222953,713.9812712593772,693.8814287509499,27.93163097525212,18.304415888942795,807.3973253446788,582.5206746553213,74,Greed,58.49,
2025-08-12,787.83,825.28,781.23,806.83,,BNB,79.74344246601571,723.1190753155593,700.5879667752241,30.62476735985524,20.774458379409822,823.7990961750833,581.2649038249168,68,Greed,58.49,
2025-08-16,806.2,866.96,799.29,827.29,,BNB,84.20839469808541,733.294776587427,707.9624640337219,33.83072759886227,23.390772911604635,842.6734114092703,576.3755885907296,56,Greed,58.49,
2025-08-20,827.63,862.74,823.46,823.46,,BNB,82.91710848659918,742.0431044974388,714.559556607893,35.66260244444254,25.848942651602847,857.8715987812618,577.6664012187382,44,Fear,58.49,
2025-08-24,823.19,899.77,819.39,880.21,,BNB,85.61930558975624,755.3673230504496,723.854911490758,40.80051870252237,28.842964281040317,883.7557397984417,573.4332602015581,53,Neutral,58.49,
2025-08-28,880.29,885.53,831.87,856.06,,BNB,79.01826686798708,765.0243195922687,731.1502239614782,42.57440007560797,31.59197392724138,899.507237294163,578.0607627058367,48,Neutral,58.49,
2025-09-01,855.45,878.8,851.09,857.82,,BNB,78.94158198133951,773.8797031158331,738.0302410062685,43.59745970110862,33.994974935558915,913.0527606034212,584.6492393965788,46,Fear,58.49,
2025-09-05,856.74,866.88,841.09,843.67,,BNB,74.12659768715761,780.5097436526295,743.6826757103933,42.84562621039947,35.76622785544055,921.1569999429438,595.764000057056,48,Neutral,58.49,
2025-09-09,843.71,884.34,843.44,878.23,,BNB,76.3142498955286,789.7552975336657,750.7804247703971,44.336859695652834,37.481223829753496,931.6013592137365,608.9956407862637,48,Neutral,58.49,
2025-09-13,879.05,928.67,872.18,925.17,,BNB,76.75143560295322,802.519943504241,759.8570924650364,48.5052745311483,39.686928710229466,948.2243299962952,620.548670003705,52,Neutral,58.49,
2025-09-17,925.37,958.49,912.06,955.35,,BNB,74.91369390103566,816.8780583058835,769.9032336422563,53.476949476696404,42.44582817758769,967.4499910047775,631.9810089952225,53,Neutral,58.49,
2025-09-21,956.04,1042.47,947.32,1042.41,,BNB,79.66806963841591,838.0021878788896,783.7386035416037,63.32720639326726,46.623188325422234,1005.6180452546477,632.0509547453524,49,Neutral,58.49,
2025-09-25,1043.27,1079.07,965.16,1018.07,,BNB,75.35740137531667,854.8216551347047,795.4998795373535,68.46117968516432,50.99169390048161,1028.4378420732387,644.736157926761,44,Fear,58.49,
2025-09-29,1018.46,1019.64,933.68,993.21,,BNB,78.4837562136311,867.7157984458711,805.3153790145404,69.80024654996657,54.75402955561389,1042.1006911936663,661.8833088063336,50,Neutral,58.49,
2025-10-03,993.34,1097.5,992.07,1090.31,,BNB,81.19930832887313,888.4088463576522,819.3181451987377,77.46467211530626,59.29676190025334,1074.1175066775304,669.9654933224698,63,Greed,58.49,
2025-10-07,1091.16,1237.91,1085.89,1224.57,,BNB,84.78847435043303,919.5953731142316,839.0340257434611,92.86503613219395,66.01113074080442,1142.0319912932155,651.5570087067845,70,Greed,58.49,
2025-10-11,1226.05,1330.51,909.86,1110.81,,BNB,70.43534669165345,937.3018460100128,852.1325920670474,95.11234076644394,71.83186791948842,1170.13911747413,655.8828825258697,27,Fear,58.49,
2025-10-15,1104.5,1369.99,1084.01,1212.28,,BNB,74.56718982990874,962.7218381457426,869.3358310030337,103.60307557331896,78.18654192695698,1217.0422726672243,650.7787273327756,34,Fear,58.49,
2025-10-19,1210.22,1221.52,1024.34,1092.46,,BNB,62.420851815872936,974.6969342670577,879.9034817454162,99.80511812479028,82.51049258478992,1232.3688553773313,665.3111446226686,29,Fear,58.49,
2025-10-23,1092.7,1142.54,1054.16,1071.34,,BNB,62.6430031243393,983.6048774770776,888.8970693918137,94.05237791293894,84.81897019880071,1237.3502628042374,692.3237371957628,27,Fear,58.49,
2025-10-27,1072.08,1148.78,1072.08,1136.88,,BNB,65.24651427072861,997.7149606359734,900.4574257621598,93.55880864942924,86.56699879883331,1251.6980530589024,712.9449469410977,51,Neutral,58.49,
2025-10-31,1138.13,1179.58,1049.67,1078.72,,BNB,62.25278105028305,1005.1635081839929,908.7065312717555,87.57762024967349,86.76912872356128,1255.2580421719078,736.573957828092,29,Fear,58.49,
2025-11-04,1077.74,1104.27,973.48,992.2,,BNB,55.63577383719205,1003.9727335939606,912.5431101071699,75.14879752620948,84.44501065452604,1251.120356942014,757.2026430579858,21,Extreme Fear,58.49,
2025-11-08,992.66,999.92,888.75,990.59,,BNB,53.386829571339824,1002.7446134643232,916.1054230909909,64.42961808454629,80.4418607219488,1244.593644437441,780.4423555625589,20,Extreme Fear,58.49,
2025-11-12,991.37,1017.19,957.05,957.15,,BNB,50.09287350628444,998.5640361416288,917.9668660695075,52.6827589359292,74.88996112538598,1241.6577769533887,791.0722230466112,24,Extreme Fear,58.49,
2025-11-16,957.72,977.21,890.57,931.97,,BNB,43.913005136797544,992.4627839197339,918.5980595211685,40.90811957987387,68.0935152145896,1236.4603282088058,803.8606717911941,10,Extreme Fear,58.49,
2025-11-20,932.28,948.33,872.88,894.79,,BNB,43.300145649007625,983.5204850248051,917.5311589870403,28.302411775626865,60.1352218326795,1233.034895033614,810.983104966386,11,Extreme Fear,58.49,
2025-11-24,896.31,912.34,793.8,843.03,,BNB,42.07007983778988,970.6663548557594,914.2111516809417,14.041111774499427,50.916332453933876,1233.1169250783857,810.8370749216145,19,Extreme Fear,58.49,
2025-11-28,842.74,902.42,833.32,895.4,,BNB,39.19795165098262,963.7839149619921,913.377326121646,6.826737972113051,42.09836200765673,1231.6411861975316,814.0298138024682,25,Extreme Fear,58.49,
2025-12-02,895.6,904.25,803.57,827.49,,BNB,26.246650076569694,951.3276736346597,909.589630126495,-4.246672719414619,32.82931171269947,1240.4934485731576,795.4095514268427,23,Extreme Fear,58.49,
2025-12-06,826.18,927.44,821.08,883.67,,BNB,35.40719039909543,945.1472574997882,908.4521117045689,-8.446631243434808,24.57409223502965,1243.3694705615076,785.3655294384923,23,Extreme Fear,58.49,
2025-12-10,883.6,926.09,871.83,899.4,,BNB,27.41003869924336,940.9701562800687,908.0566942695255,-10.39988166405385,17.579276518642846,1241.4043241299769,773.0296758700231,26,Fear,58.49,
2025-12-14,897.38,910.16,861.83,897.31,,BNB,33.024234937977354,936.9852151389453,907.5893410060396,-11.976184174502578,11.668170225726207,1240.3619074952799,761.9960925047199,21,Extreme Fear,58.49,
2025-12-18,897.0,899.16,834.55,842.79,,BNB,31.210641411401056,928.3909653395489,904.7833295239301,-17.38037797980394,5.858449455406213,1243.134277501069,744.181722498931,17,Extreme Fear,58.49,
2025-12-22,842.77,861.3,820.16,857.86,,BNB,24.985655884673307,921.9579315779871,902.7596759992879,-20.224381842370235,0.6418752014741419,1234.1968098979987,729.8741901020012,25,Extreme Fear,58.49,
2025-12-26,858.42,868.03,827.75,828.87,,BNB,26.364582347933037,913.4700500736453,899.5854647030169,-24.514470779607223,-4.389400163067779,1195.6861946028982,728.8148053971015,20,Extreme Fear,58.49,
2025-12-30,829.38,869.64,823.36,851.19,,BNB,34.81641003553355,907.7928177815802,897.5142068916319,-25.829054209197352,-8.677335177888118,1176.718716585294,721.8202834147063,23,Extreme Fear,58.49,
2026-01-03,851.49,889.57,848.52,880.6,,BNB,38.825561312607945,905.3146284539079,896.792887051808,-24.23519626072664,-11.788909835914655,1125.0518391580067,740.3191608419932,29,Fear,58.49,
2026-01-07,880.97,921.89,868.98,917.63,,BNB,46.01403961754146,906.4367247727233,897.6784647186495,-19.77604775355951,-13.386338422165801,1101.0216462934914,746.8663537065089,42,Fear,58.49,
2026-01-11,917.55,918.29,875.38,906.69,,BNB,47.374870197300105,906.4597968436465,898.0602013769662,-16.924375731842474,-14.093946239439237,1078.6838770297823,752.7391229702177,29,Fear,58.49,
2026-01-15,906.75,951.35,894.51,949.1,,BNB,55.57906847738993,910.3433786626681,900.2155137945749,-11.133720961465997,-13.501900945999562,1033.3087815425374,779.3362184574623,61,Greed,58.49,
2026-01-19,948.56,954.97,924.67,933.81,,BNB,60.08084218007374,912.4803093511977,901.6298836291111,-7.6834094219584586,-12.338202267193006,998.1048204610388,800.0491795389612,44,Fear,58.49,
2026-01-23,929.98,931.66,864.59,886.88,,BNB,49.042309248684866,910.149437287331,901.0106818488686,-8.617866495762996,-11.594134921599784,982.6670958190889,804.9549041809112,24,Extreme Fear,58.49,
2026-01-27,887.55,901.42,855.59,878.63,,BNB,56.63879945996468,907.2800372502759,900.0737284366983,-9.906761592691055,-11.256660186403511,964.6338751034657,811.7921248965345,29,Fear,58.49,
2026-01-31,878.15,906.66,832.58,857.37,,BNB,46.24543170397442,902.7370086248939,898.2906859775098,-12.492291587290083,-11.503786507245575,953.4745163569748,812.973483643025,20,Extreme Fear,58.49,
2026-02-04,857.51,859.25,729.42,753.62,,BNB,33.36832017523845,889.1652943047486,892.2654294250528,-22.619208132591666,-13.726871124962464,961.6924914764164,786.9205085235836,14,Extreme Fear,58.49,
2026-02-08,752.66,764.03,574.07,647.57,,BNB,26.970602338534178,867.1790778216646,882.0990628070949,-38.72409098921207,-18.72631562431534,995.0908182330079,728.8001817669922,7,Extreme Fear,58.49,
2026-02-12,647.21,649.92,587.7,607.01,,BNB,27.683337750350205,843.5048212990391,870.6965143851298,-54.12440409890621,-25.80593391569017,1025.4970776948003,674.7919223051996,5,Extreme Fear,58.49,
2026-02-16,607.4,640.72,592.73,614.28,,BNB,26.5995465549706,822.6481632791347,860.0916490546809,-64.9944293088165,-33.643633522575335,1039.0601496952233,633.1168503047768,12,Extreme Fear,58.49,
2026-02-20,614.77,630.22,597.23,607.15,,BNB,27.765744083433617,803.0420062494294,849.6528598845014,-73.33660930582982,-41.58222910727446,1052.4591805694126,597.6838194305873,7,Extreme Fear,58.49,
2026-02-24,607.38,633.75,585.83,595.84,,BNB,23.815090547386106,784.1919871208592,839.1995858788017,-79.93597201270143,-49.25297801924462,1058.0112238998342,563.348776100166,8,Extreme Fear,58.49,
2026-02-28,596.33,637.54,577.87,613.97,,BNB,22.01087527030714,768.7071993853381,829.9417443210253,-82.75224577018707,-55.95283180063657,1054.8738328907305,537.9431671092696,11,Extreme Fear,58.49,
2026-03-04,613.96,651.06,589.68,633.92,,BNB,19.110249765912485,756.4465752125215,821.8996486529418,-82.42746700595285,-61.24775898787679,1046.8468605888127,519.6311394111872,10,Extreme Fear,58.49,
2026-03-08,633.48,664.89,619.21,620.13,,BNB,18.99238227146813,744.047500926228,813.6366993726025,-82.33106860591874,-65.46442100461265,1043.8073047563742,500.4046952436258,12,Extreme Fear,58.49,
2026-03-12,620.29,655.24,609.71,651.44,,BNB,16.99853652046653,735.6245252281107,807.0058727119327,-78.82425338074552,-68.13638752704878,1035.4458233023622,488.124176697638,18,Extreme Fear,58.49,
2026-03-16,651.56,678.17,642.38,673.78,,BNB,21.614304739864195,729.9997993786732,801.5684708441913,-73.39940763199547,-69.18899156291644,1028.475588705805,479.5854112941951,23,Extreme Fear,58.49,
2026-03-20,675.64,685.59,633.79,638.95,,BNB,22.200793846567834,721.719204005826,794.9420440680875,-71.08635002896006,-69.56846326041615,1018.4579303042848,468.3790696957152,11,Extreme Fear,58.49,
2026-03-24,639.22,648.31,621.57,638.7,,BNB,22.60635261343137,714.1692344543546,788.585188489625,-68.48376863128283,-69.35152433262701,1002.2063408060542,460.4406591939457,11,Extreme Fear,58.49,
2026-03-28,639.01,652.09,606.09,613.17,,BNB,22.388059701492523,704.9844233070887,781.4587331166618,-67.6977576568272,-69.02077099507338,976.9325822594293,455.2684177405707,12,Extreme Fear,58.49,
2026-04-01,613.36,620.05,598.48,616.77,,BNB,29.995614676216903,696.9624986332234,774.7774771502824,-66.02350124068857,-68.42131704072581,949.7547271205897,453.45427287941044,8,Extreme Fear,58.49,
2026-04-05,617.06,620.32,570.62,593.37,,BNB,39.552814186584406,687.5424028787827,767.4279048053004,-65.82357859065837,-67.90176934830595,907.0155924789988,460.6204075210012,12,Extreme Fear,58.49,
2026-04-09,593.35,623.27,587.6,601.18,,BNB,48.7138760202956,679.6893080142557,760.7012442871513,-64.29437602131009,-67.18029068023344,859.3664804760881,475.00651952391195,14,Extreme Fear,58.49,
2026-04-13,600.49,614.05,589.52,592.4,,BNB,45.20511921458625,671.7521087405623,753.8999762839867,-63.063127747737326,-66.35685809129335,816.8908887481596,488.0341112518404,12,Extreme Fear,58.49,
2026-04-17,592.61,636.82,592.61,635.85,,BNB,55.425741076830015,668.487604795381,749.1351229410581,-57.917019923884254,-64.66889045380864,765.6453442377783,515.0016557622218,21,Extreme Fear,58.49,
2026-04-21,636.57,648.56,615.76,629.47,,BNB,56.478520516278174,664.939882073041,744.3106127188627,-53.73357836832156,-62.48182803256207,701.4951689545409,556.3618310454591,33,Fear,58.49,
2026-04-25,630.17,652.07,626.1,636.48,,BNB,54.53045123374793,662.3521772941672,739.9680131516586,-49.284826770335144,-59.84242777611084,666.2018845883256,579.9411154116744,31,Fear,58.49,
2026-04-29,636.38,639.5,619.7,624.45,,BNB,48.031266891189574,658.9059887546107,735.3207343062329,-46.19655959420004,-57.113254136415,663.4925429950298,580.3384570049703,26,Fear,58.49,
2025-04-30,95023.0,95444.0,93881.0,94256.0,,BTC,,94256.0,94256.0,0.0,0.0,,,,,58.49,
2025-05-04,94275.0,97822.0,93334.0,95923.0,,BTC,,95129.19047619046,95106.17,37.40064102564065,20.778133903133696,,,64,Greed,58.49,
2025-05-08,95893.0,97512.0,93592.0,97026.0,,BTC,,95822.58610271903,95771.87828289562,81.85980420165288,45.81160533695303,,,65,Greed,58.49,
2025-05-12,97036.0,104841.0,96965.0,103994.0,,BTC,,98166.07929325575,97952.35142942824,351.65151323254395,149.41591017963287,,,70,Greed,58.49,
2025-05-16,104083.0,105503.0,101109.0,103709.0,,BTC,,99495.3597647868,99197.59150683961,479.50833704332763,247.61094434898519,,,71,Greed,58.49,
2025-05-20,103749.0,106518.0,102381.0,105629.0,,BTC,,100775.6589161453,100379.48124056494,629.454789182797,351.11185640602935,,,71,Greed,58.49,
2025-05-24,105614.0,111814.0,104386.0,107217.0,,BTC,,101978.4651743918,101477.30744232172,786.7138460527203,461.35109918197315,,,66,Greed,58.49,
2025-05-28,107156.0,110407.0,106802.0,109068.0,,BTC,,103186.5478020723,102564.17795608578,967.5447638735641,582.9989557813368,,,71,Greed,58.49,
2025-06-01,109010.0,109104.0,103296.0,104688.0,,BTC,,103423.55959211096,102839.63740386235,860.7374244469975,647.1579199107526,,,56,Greed,58.49,
2025-06-05,104686.0,106807.0,103939.0,104813.0,,BTC,,103629.12779924515,103074.34495846328,778.8870789541834,676.6728984036694,,,57,Greed,58.49,
2025-06-09,104803.0,106365.0,100783.0,105692.0,,BTC,,103917.86078617556,103362.69536223629,755.6466962200066,693.9519141146516,,,62,Greed,58.49,
2025-06-13,105724.0,110282.0,105426.0,105979.0,,BTC,,104192.86044427018,103631.80620391078,744.0927737558086,704.7200679391127,,,61,Greed,58.49,
2025-06-17,105898.0,108785.0,103081.0,106951.0,,BTC,,104545.84845790641,103952.78727546369,780.5598770697543,720.7704064567343,,,68,Greed,58.49,
2025-06-21,106842.0,107644.0,102624.0,103290.0,,BTC,67.58545511173402,104390.86965326022,103892.17715032448,585.5406040241505,692.4802308907528,,,49,Neutral,58.49,
2025-06-25,103292.0,106129.0,98467.0,105976.0,,BTC,70.65416607923305,104580.32699284627,104073.2779872494,590.3874049889855,671.3170525697716,,,66,Greed,58.49,
2025-06-29,106036.0,108116.0,105985.0,107332.0,,BTC,70.32892626777378,104900.06294289608,104343.59490436476,668.8855525633553,670.8166679948306,,,68,Greed,58.49,
2025-07-03,107333.0,109608.0,105402.0,108824.0,,BTC,70.73462214411248,105344.76677620065,104699.67891740402,812.7822683307313,699.8638729695114,,,73,Greed,58.49,
2025-07-07,108876.0,110386.0,107386.0,109215.0,,BTC,61.9348054679285,105773.76531895502,105044.64934174842,937.6584943513299,748.2952595439947,,,73,Greed,58.49,
2025-07-11,109222.0,116462.0,107591.0,115880.0,,BTC,71.53930556047146,106872.10050601265,105842.791526211,1449.773944971559,890.6424356349492,,,71,Greed,58.49,
2025-07-15,115961.0,122838.0,115548.0,119834.0,,BTC,73.45065539670486,108256.19127956101,106839.07977621816,2084.729648073233,1132.2453703122617,117550.17815930802,93979.42184069198,73,Greed,58.49,
2025-07-19,119849.0,120689.0,116094.0,117989.0,,BTC,67.63357778941855,109279.23679721756,107608.43163875207,2428.2634706870012,1393.8619776880564,118636.50776352183,95266.39223647816,74,Greed,58.49,
2025-07-23,118003.0,120222.0,116779.0,119956.0,,BTC,67.75603392041748,110385.786852709,108435.77947978249,2797.236410596597,1676.6232743793703,120004.63854369259,96301.56145630742,74,Greed,58.49,
2025-07-27,119959.0,119959.0,115086.0,117960.0,,BTC,73.46866600650728,111160.91676492886,109056.69437250507,2914.626513966243,1925.6941774021109,120602.76732572616,97796.83267427384,73,Greed,58.49,
2025-07-31,117906.0,119754.0,116079.0,117833.0,,BTC,73.02143008699342,111836.00892116212,109614.36338001593,2962.6679820612626,2134.072979404257,121638.97628627933,98144.52371372067,72,Greed,58.49,
2025-08-04,117828.0,118865.0,112113.0,114199.0,,BTC,63.706377082460605,112072.66907730556,109898.76437980158,2712.60759379901,2250.2186883657105,121935.67337509722,98896.82662490278,64,Greed,58.49,
2025-08-08,114235.0,117596.0,112770.0,117463.0,,BTC,66.88326962658041,112607.5812055638,110357.5322241707,2715.345329793883,2343.5260207595707,122706.33532223005,99309.56467776994,74,Greed,58.49,
2025-08-12,117483.0,122227.0,115979.0,118774.0,,BTC,67.21010800896678,113214.45571463031,110857.27613898498,2778.675519635086,2430.7668559310005,123632.28941393297,99539.31058606703,68,Greed,58.49,
2025-08-16,118727.0,124128.0,116956.0,117340.0,,BTC,71.86974659112136,113617.45018126245,111234.5931253339,2693.13164339801,2483.34150759056,124248.22603010543,99750.57396989455,56,Greed,58.49,
2025-08-20,117397.0,118514.0,112778.0,112778.0,,BTC,60.003529619389376,113536.00208883994,111322.75083317242,2266.2093083684886,2439.8477644385125,124160.53310019626,100647.26689980373,44,Fear,58.49,
2025-08-24,112896.0,117310.0,111764.0,115360.0,,BTC,61.395639336815805,113711.90056814015,111549.2981516567,2094.15550646928,2370.6236175014874,124189.8589423067,101672.6410576933,53,Neutral,58.49,
2025-08-28,115333.0,115549.0,109214.0,111216.0,,BTC,53.15767240468899,113472.52960407958,111530.90616546564,1632.4325862629921,2222.8390525096347,123978.7756863816,102436.12431361839,48,Neutral,58.49,
2025-09-01,111241.0,113329.0,107682.0,108253.0,,BTC,48.81081882911392,112974.43598319513,111352.86803360087,1034.6763678375282,1985.0180944000292,123815.6543517773,102826.6456482227,46,Fear,58.49,
2025-09-05,108226.0,112502.0,107295.0,110725.0,,BTC,42.89063577437596,112760.74077885656,111319.2728882073,738.5630620157026,1735.5689807638505,123651.87805993062,103367.82194006939,48,Neutral,58.49,
2025-09-09,110752.0,113225.0,110032.0,112025.0,,BTC,38.37981012469867,112691.13053357422,111356.50197448453,595.3266677534557,1507.4048251902661,122920.63173841637,104972.56826158364,48,Neutral,58.49,
2025-09-13,112080.0,116705.0,110822.0,116160.0,,BTC,47.45200746705302,113018.11785364067,111606.51551624616,785.9292813963984,1363.0511596280382,122647.1420171608,106264.4579828392,52,Neutral,58.49,
2025-09-17,116092.0,116970.0,114509.0,116763.0,,BTC,45.37608248617024,113369.9429396802,111871.50094080776,971.3191505707946,1284.6793247020719,122450.55419628142,107404.1458037186,53,Neutral,58.49,
2025-09-21,116797.0,117888.0,114940.0,115716.0,,BTC,46.658526416105786,113589.68304813489,112066.68899897067,1026.107458489496,1232.9515221542235,122228.0448050498,108315.8551949502,49,Neutral,58.49,
2025-09-25,115723.0,115858.0,111369.0,113321.0,,BTC,43.70641075712771,113564.58635996465,112129.6438487713,875.5499294582551,1161.4563546496845,121902.79215201855,109051.70784798145,44,Fear,58.49,
2025-09-29,113317.0,113492.0,108776.0,112143.0,,BTC,46.92123390236598,113432.13201005227,112130.30692709575,657.9895616388094,1060.746262713302,121881.82694877606,108698.97305122393,50,Neutral,58.49,
2025-10-03,112179.0,121044.0,111599.0,120612.0,,BTC,54.07954398238114,114099.59482480184,112547.04168698467,1127.1043807911774,1074.0196506647635,122041.70297705036,108616.89702294965,63,Greed,58.49,
2025-10-07,120515.0,126080.0,119514.0,124774.0,,BTC,57.23833421801863,115089.88659111659,113141.89460787491,1800.3606843150628,1219.3033066030475,123533.78627576966,107803.31372423035,70,Greed,58.49,
2025-10-11,124740.0,125108.0,105896.0,113202.0,,BTC,45.98906637717122,114915.06830812048,113144.79145873639,1417.285890958141,1258.9031922597715,122998.4858608593,107663.2141391407,27,Fear,58.49,
2025-10-15,113044.0,115934.0,109862.0,113157.0,,BTC,50.40261754520153,114752.54600619199,113145.3746267609,1097.6525318449858,1226.650865197176,122712.3422073488,107469.05779265119,34,Fear,58.49,
2025-10-19,113066.0,113527.0,103856.0,107156.0,,BTC,41.87497524066079,114051.3693646088,112861.70468860301,371.0695813489874,1055.525291465095,122836.99912845611,106276.7008715439,29,Fear,58.49,
2025-10-23,107210.0,113804.0,106222.0,107618.0,,BTC,46.15631142637381,113458.3822887706,112615.35818095258,-166.33699094929034,811.1421905969383,123071.68858507738,105383.91141492262,27,Fear,58.49,
2025-10-27,107591.0,114816.0,107581.0,114476.0,,BTC,56.13720191719758,113552.06135614347,112702.09674175999,-52.881644334993325,638.3314020334219,122792.22869511083,105364.67130488917,51,Neutral,58.49,
2025-10-31,114419.0,116041.0,106464.0,108241.0,,BTC,47.719510851602955,113063.70046708931,112495.65936774231,-448.4322218116722,420.9726181858341,122343.51427149324,104760.08572850676,29,Fear,58.49,
2025-11-04,108409.0,111130.0,105540.0,106521.0,,BTC,44.98560548084983,112462.71488850778,112221.11990940817,-887.1273183163285,159.3467964346134,122145.82374812575,103875.87625187426,21,Extreme Fear,58.49,
2025-11-08,106452.0,107189.0,99076.0,103396.0,,BTC,38.15340065340065,111630.67149572258,111818.31283688766,-1464.5295535672049,-165.43426785355823,122639.86671602807,102443.63328397193,20,Extreme Fear,58.49,
2025-11-12,103192.0,107357.0,101490.0,102961.0,,BTC,37.14993296588708,110835.74794453189,111416.61828841422,-1934.0317635012761,-519.1588155085467,122784.85465618016,101058.74534381984,24,Extreme Fear,58.49,
2025-11-16,103112.0,105257.0,94138.0,95508.0,,BTC,33.19081683580103,109431.44116840666,110699.53483134948,-2863.3109984163457,-987.9946052484999,124252.12705451057,98020.67294548942,10,Extreme Fear,58.49,
2025-11-20,95380.0,96528.0,88540.0,91363.0,,BTC,32.251859036534114,107777.20961065659,109833.01484800466,-3883.506532412488,-1567.1022804738946,126090.07213810708,94493.72786189291,11,Extreme Fear,58.49,
2025-11-24,91408.0,92944.0,81051.0,86784.0,,BTC,30.57109146350807,105856.44288432779,108805.87783786688,-4997.775569178877,-2253.2419521861593,128064.58138311053,90125.11861688948,19,Extreme Fear,58.49,
2025-11-28,86740.0,91850.0,85546.0,91279.0,,BTC,26.069150064450866,104523.46515944021,108028.97916819777,-5460.135251758053,-2894.624361626304,128559.61548233873,87555.48451766127,25,Extreme Fear,58.49,
2025-12-02,91324.0,92849.0,83989.0,86281.0,,BTC,19.0187209246173,102856.2407019521,107069.87684987267,-6153.277785397266,-3546.3580944122323,128856.01303460135,84271.18696539867,23,Extreme Fear,58.49,
2025-12-06,86304.0,94001.0,86259.0,89307.0,,BTC,27.700319166806665,101618.54006356209,106290.32870259874,-6387.59469623334,-4114.607540850044,128208.3738865123,82173.2261134877,23,Extreme Fear,58.49,
2025-12-10,89264.0,94490.0,87887.0,92723.0,,BTC,32.05907143358853,100806.3040240631,105697.67601656674,-6228.864240089402,-4537.460146361455,127141.952722667,80940.34727733298,26,Fear,58.49,
2025-12-14,92686.0,94177.0,89426.0,90257.0,,BTC,34.18081740400278,99843.45003549645,105026.19042799526,-6228.028848843649,-4875.574696481394,126338.29364443527,79437.60635556473,21,Extreme Fear,58.49,
2025-12-18,90253.0,90469.0,85374.0,86065.0,,BTC,31.14117214706964,98586.32204572667,104205.11235483305,-6487.377495937835,-5197.935873894016,125756.52683648755,77411.57316351245,17,Extreme Fear,58.49,
2025-12-22,86197.0,89220.0,84581.0,88577.0,,BTC,25.473038240809146,97673.38534706505,103531.12172008421,-6417.956278414917,-5441.940328733935,123066.92432100869,76897.67567899132,25,Extreme Fear,58.49,
2025-12-26,88672.0,90353.0,86576.0,87230.0,,BTC,28.071969776033725,96721.1435706345,102830.84520640348,-6396.874075682004,-5632.927312272909,118669.70730580835,77540.49269419166,20,Extreme Fear,58.49,
2025-12-30,87192.0,90230.0,86674.0,87157.0,,BTC,29.071376075396657,95849.30957787202,102160.0266799688,-6313.145100484937,-5768.971003346578,116627.43337014932,76978.2666298507,23,Extreme Fear,58.49,
2026-01-03,87155.0,90789.0,86855.0,89926.0,,BTC,35.32871520062737,95309.49488495242,101638.29685712015,-5956.2437070804735,-5806.425573481625,114107.00578524875,77175.59421475125,29,Fear,58.49,
2026-01-07,89951.0,94634.0,89401.0,93667.0,,BTC,40.55718117532309,95159.84146546926,101299.5166004704,-5312.2812132285035,-5707.596639395074,112629.64328538117,77304.05671461884,42,Fear,58.49,
2026-01-11,93647.0,93647.0,89343.0,90442.0,,BTC,44.36910901653921,94730.07036599818,100839.58252982877,-5002.854180663198,-5566.648076868822,110825.82930952872,77390.27069047128,29,Fear,58.49,
2026-01-15,90392.0,97705.0,90129.0,97008.0,,BTC,55.95401328973737,94937.53950208981,100677.78217738957,-4182.625224928604,-5289.8433952787855,107044.253527599,79425.046472401,61,Greed,58.49,
2026-01-19,96934.0,97113.0,93753.0,93753.0,,BTC,57.56168485926954,94829.6722988225,100386.24019747824,-3750.604055482676,-4981.995428381042,104390.64074096033,80629.85925903967,44,Fear,58.49,
2026-01-23,93636.0,93636.0,87304.0,89443.0,,BTC,47.999825692870836,94339.22338251116,99926.84173832521,-3711.4855675198924,-4727.893390876616,101592.53059152357,81720.16940847645,24,Extreme Fear,58.49,
2026-01-27,89459.0,90895.0,86126.0,88308.0,,BTC,52.41120072324126,93790.1655919325,99440.42611052161,-3728.63731008592,-4528.042133611458,99249.2304389404,82554.66956105959,29,Fear,58.49,
2026-01-31,88220.0,90316.0,81315.0,84142.0,,BTC,44.01825214833345,92911.94760450083,98801.65885734723,-4030.4715422073787,-4428.527998955546,96665.82434323865,83256.17565676135,20,Extreme Fear,58.49,
2026-02-04,84122.0,84122.0,73112.0,75639.0,,BTC,32.300041442188146,91339.86999566937,97836.97854834357,-4896.610494718116,-4522.144510431771,97771.2130767211,80163.8869232789,14,Extreme Fear,58.49,
2026-02-08,75650.0,76749.0,60256.0,69297.0,,BTC,29.898726407856373,89333.87350874304,96651.22740508415,-6023.4123195142165,-4822.398103868654,100218.60772894481,75509.89227105519,7,Extreme Fear,58.49,
2026-02-12,69271.0,71852.0,65932.0,66938.0,,BTC,30.98821143868159,87295.94625415328,95419.60259673283,-7025.0615052477515,-5262.930821259281,102377.74551380036,71366.15448619964,5,Extreme Fear,58.49,
2026-02-16,66994.0,70898.0,65243.0,68717.0,,BTC,29.96772241274965,85605.48914659795,94315.23728239305,-7588.227515596533,-5727.990191471671,103075.10546853983,68412.59453146018,12,Extreme Fear,58.49,
2026-02-20,68781.0,69999.0,65734.0,66919.0,,BTC,29.69752703864377,83905.38073283146,93184.6067748593,-8085.9368149228685,-6199.579541589957,104036.35102767748,65515.148972322524,7,Extreme Fear,58.49,
2026-02-24,66957.0,68637.0,63963.0,64578.0,,BTC,28.409416894566746,82147.0893769048,92006.44464734937,-8569.925061350426,-6673.648665991457,104660.26378482768,62418.33621517233,8,Extreme Fear,58.49,
2026-02-28,64646.0,69487.0,62803.0,65884.0,,BTC,26.348719159485313,80667.66541302888,90932.70714211291,-8747.479619735546,-7088.41487105333,104251.37197261133,60143.32802738868,11,Extreme Fear,58.49,
2026-03-04,65879.0,69851.0,63177.0,68322.0,,BTC,24.41087979322738,79544.66883410484,90005.06786112531,-8592.823986950229,-7389.29670253915,103643.25954888298,58557.94045111703,10,Extreme Fear,58.49,
2026-03-08,68292.0,73953.0,67038.0,67271.0,,BTC,25.53169021521046,78428.28125319493,89074.05345471481,-8457.363056487491,-7602.909978046593,103388.680417332,56933.11958266799,12,Extreme Fear,58.49,
2026-03-12,67268.0,71612.0,65727.0,70227.0,,BTC,19.38544548343583,77682.34607517825,88303.55969617353,-8019.482508319357,-7686.224485573186,102521.04671954626,55965.75328045373,18,Extreme Fear,58.49,
2026-03-16,70203.0,73839.0,69265.0,72682.0,,BTC,25.46403036866252,77227.56732602547,87665.99061037987,-7389.521388911366,-7626.883865402055,101651.60004568042,55380.39995431959,23,Extreme Fear,58.49,
2026-03-20,72799.0,75937.0,68934.0,69871.0,,BTC,26.385135135135144,76558.51854419813,86940.87493533385,-7035.599856575107,-7508.627062299438,100719.53955937021,54583.86044062978,11,Extreme Fear,58.49,
2026-03-24,69912.0,71646.0,67564.0,70893.0,,BTC,28.93023931086215,76043.28242486615,86287.95194067124,-6596.718870827681,-7326.245422355216,99199.18979618832,54200.91020381169,11,Extreme Fear,58.49,
2026-03-28,70917.0,71922.0,65587.0,66321.0,,BTC,28.64879112452975,75159.14376307129,85476.77023420394,-6541.869124431731,-7169.370161635211,96789.98156592407,53875.51843407593,12,Extreme Fear,58.49,
2026-04-01,66328.0,68286.0,65112.0,68232.0,,BTC,39.46102842833157,74529.21247304915,84777.16728119255,-6272.0888112553075,-6989.91389052025,94661.7769579108,53782.7230420892,8,Extreme Fear,58.49,
2026-04-05,68231.0,69136.0,65819.0,67304.0,,BTC,46.64782857335082,73872.19392208938,84069.25651011275,-6063.171403410859,-6804.565392239897,90322.82861407229,55151.27138592771,12,Extreme Fear,58.49,
2026-04-09,67306.0,72698.0,66634.0,71117.0,,BTC,56.70119624130079,73621.65898421017,83545.18715363243,-5526.5616975603625,-6548.964652356901,86146.06824780829,57064.43175219172,14,Extreme Fear,58.49,
2026-04-13,71004.0,73721.0,70522.0,70757.0,,BTC,53.4271890329951,73361.17611722331,83028.40019537271,-5071.842630081301,-6253.5402470260615,82542.13582246879,58799.76417753121,12,Extreme Fear,58.49,
2026-04-17,70651.0,75829.0,70627.0,75149.0,,BTC,62.71788849054271,73523.73921792553,82710.36382177044,-4307.763827393821,-5864.384962176762,78835.50037359651,61190.499626403485,21,Extreme Fear,58.49,
2026-04-21,75135.0,78240.0,73854.0,75875.0,,BTC,68.37448358869263,73737.53043720867,82434.78408876168,-3602.17340992346,-5411.942650867757,76105.36691182821,63093.93308817178,33,Fear,58.49,
2026-04-25,75885.0,79389.0,74935.0,77445.0,,BTC,68.64376713433317,74074.63080468532,82233.83341549794,-2883.174027657078,-4906.188925458034,76586.98766997528,62792.912330024716,31,Fear,58.49,
2026-04-29,77490.0,79400.0,75706.0,76345.0,,BTC,63.521758182492334,74281.06011455665,81996.92619895717,-2374.6810319996875,-4399.88734615163,77548.2063318045,62536.49366819552,26,Fear,58.49,
2025-04-30,1800.1,1837.31,1784.23,1796.97,,ETH,,1796.97,1796.97,0.0,0.0,,,,,58.49,
2025-05-04,1798.93,1867.18,1750.28,1834.5,,ETH,,1816.6285714285714,1816.1103,0.8420192307692105,0.4677884615384503,,,64,Greed,58.49,
2025-05-08,1834.07,1847.56,1757.78,1810.32,,ETH,,1814.322416918429,1814.1024916677777,0.32307927658644076,0.4084814185253316,,,65,Greed,58.49,
2025-05-12,1811.71,2587.26,1810.91,2507.47,,ETH,,2013.1113488472313,1997.9807270691722,25.249472578873338,8.82345132379227,,,70,Greed,58.49,
2025-05-16,2509.65,2708.81,2425.76,2542.3,,ETH,,2140.019197064749,2115.724265736075,39.64850276247307,17.993207225351288,,,71,Greed,58.49,
2025-05-20,2545.16,2631.38,2367.75,2526.99,,ETH,,2220.793153736386,2191.301917144232,46.90434803837434,25.8297338140144,,,71,Greed,58.49,
2025-05-24,2527.81,2720.92,2460.59,2519.81,,ETH,,2276.629248941544,2244.0468957741327,50.42441513237145,32.05399152929807,,,66,Greed,58.49,
2025-05-28,2520.23,2700.22,2479.53,2662.09,,ETH,,2342.3131687559094,2303.9042434420858,58.740780157362224,38.46732868179327,,,71,Greed,58.49,
2025-06-01,2662.17,2771.24,2494.41,2532.36,,ETH,,2372.3130180528137,2333.5349258823335,57.16956300618767,42.7876375929913,,,56,Greed,58.49,
2025-06-05,2531.53,2667.17,2482.52,2610.34,,ETH,,2407.529195479802,2366.4575333009825,59.239930112728416,46.47390617168251,,,57,Greed,58.49,
2025-06-09,2609.95,2634.74,2408.52,2508.78,,ETH,,2421.7009154765747,2382.1352066717795,54.49455183397913,48.22877761313641,,,62,Greed,58.49,
2025-06-13,2509.01,2870.51,2482.7,2653.16,,ETH,,2452.582463253607,2410.0125834858004,58.20502274535238,50.37125667997025,,,61,Greed,58.49,
2025-06-17,2650.1,2672.77,2468.26,2561.33,,ETH,,2466.500024786778,2424.6456629265285,54.997386325542266,51.350306438784,,,68,Greed,58.49,
2025-06-21,2548.1,2613.23,2389.71,2405.7,,ETH,68.33999168459299,2458.9969577530196,2422.913132681408,42.86240757904079,49.57463166437072,,,49,Neutral,58.49,
2025-06-25,2406.19,2473.84,2134.88,2446.54,,ETH,69.1003934345246,2457.5080820400053,2424.9664960208,35.587438173621194,46.67517749175706,,,66,Greed,58.49,
2025-06-29,2447.33,2510.28,2391.69,2437.13,,ETH,68.0181069072948,2455.140211510217,2425.9754807958475,29.049227543897814,43.0478883906598,,,68,Greed,58.49,
2025-07-03,2436.76,2606.08,2393.31,2574.07,,ETH,71.39295818044312,2468.6186470880143,2437.7454189111995,32.176902439816786,40.823604786435446,,,73,Greed,58.49,
2025-07-07,2572.33,2630.57,2478.63,2571.36,,ETH,52.92909472680427,2480.0070798079905,2447.9535697588694,34.00632000856058,39.43513538983184,,,73,Greed,58.49,
2025-07-11,2570.82,2979.89,2521.06,2948.45,,ETH,64.17260463266032,2530.9169744040373,2484.8206104987253,59.188493812516754,43.443574773942,,,71,Greed,58.49,
2025-07-15,2948.78,3074.13,2908.75,3012.18,,ETH,66.37727926334479,2582.3069511344024,2522.3729037316757,82.03754068964918,51.25239755417335,3115.095092776368,1831.0899072236318,73,Greed,58.49,
2025-07-19,3013.07,3669.85,2942.21,3547.32,,ETH,75.56949110364565,2683.742446527299,2593.0949305880517,134.11255875284633,67.97870272934048,3286.2939451238576,1834.9260548761417,74,Greed,58.49,
2025-07-23,3548.42,3848.92,3523.94,3746.94,,ETH,76.24734465955996,2793.9332683567995,2670.4082281647334,186.22135961587173,91.80302658863134,3476.848384910244,1835.615615089756,74,Greed,58.49,
2025-07-27,3745.23,3773.65,3530.3,3742.43,,ETH,81.16536260475849,2891.00053779354,2740.2968119120746,224.12011531132202,118.42358437044966,3608.322585412456,1897.352414587544,73,Greed,58.49,
2025-07-31,3739.71,3936.94,3708.13,3807.42,,ETH,81.03848826476109,2983.725338872628,2808.1045609184953,255.37776331150553,145.94438345785298,3785.0616934085847,1850.6083065914154,72,Greed,58.49,
2025-08-04,3807.38,3874.37,3373.55,3497.57,,ETH,73.13857544684018,3035.1883168012982,2850.8745068151284,255.14572799174357,167.8674754645457,3869.197141568902,1861.9998584310977,64,Greed,58.49,
2025-08-08,3497.79,3917.17,3495.1,3911.26,,ETH,76.14527136551426,3122.1257192144963,2915.186459976623,281.022864536194,190.5671588622668,4027.0998638431106,1842.5241361568892,74,Greed,58.49,
2025-08-12,3907.6,4347.28,3884.64,4228.82,,ETH,81.68073229953148,3231.042186085741,2993.185970627386,320.41031469155814,216.59873050629628,4236.242501408869,1804.2824985911304,68,Greed,58.49,
2025-08-16,4226.51,4779.0,4226.51,4430.53,,ETH,87.80785647866338,3348.2114414284483,3076.8443724252643,361.81058306529803,245.6973860036114,4464.186571154526,1753.1824288454748,56,Greed,58.49,
2025-08-20,4437.62,4563.72,4074.5,4074.5,,ETH,77.19630602275993,3418.679968286085,3133.8293676218286,364.23983399306144,269.44261957072007,4578.201203775965,1793.381796224035,44,Fear,58.49,
2025-08-24,4080.65,4877.09,4074.75,4773.88,,ETH,81.72388981658725,3549.3696051916827,3225.8596232712903,412.7047476814964,298.1305591419151,4827.1906391878565,1760.7463608121432,53,Neutral,58.49,
2025-08-28,4782.43,4946.05,4341.54,4500.15,,ETH,75.21218721693099,3640.554816101247,3296.1772379826016,425.75578402327756,323.6809079580413,4970.091084739713,1816.9829152602879,48,Neutral,58.49,
2025-09-01,4503.25,4625.35,4279.96,4388.93,,ETH,73.13460192197545,3711.9713868276294,3355.5296570327073,422.84099554502745,343.528650477137,5076.257002467248,1884.393997532752,46,Fear,58.49,
2025-09-05,4385.61,4486.12,4238.45,4298.09,,ETH,68.52883031301484,3767.6523387392313,3405.962948854551,408.9511899845329,356.62145693059585,5141.403951523075,1992.923048476924,48,Neutral,58.49,
2025-09-09,4302.63,4467.61,4250.48,4309.69,,ETH,68.07182432790044,3818.9358554844493,3453.637087761698,394.2367530651636,364.1483327369629,5169.727098203078,2154.998901796922,48,Neutral,58.49,
2025-09-13,4307.14,4721.04,4279.58,4708.84,,ETH,66.81471272887305,3902.8212176024417,3518.968170246017,408.05979396392604,372.93418894904374,5237.537432251572,2313.4185677484284,52,Neutral,58.49,
2025-09-17,4707.47,4762.74,4431.42,4504.27,,ETH,60.947777138512166,3959.3262720595267,3569.601624976907,398.7903367121021,378.1070972063613,5230.636409620744,2527.0335903792557,53,Neutral,58.49,
2025-09-21,4503.4,4637.85,4440.0,4481.8,,ETH,60.63294015456787,4008.263033054894,3615.9146105541527,385.2533952646345,379.53672797138245,5201.900258844041,2746.5427411559604,49,Neutral,58.49,
2025-09-25,4481.48,4497.46,4100.86,4148.66,,ETH,54.556014248559386,4021.3769936263748,3642.653518167193,344.96736533740795,372.6214191911453,5088.9884998817215,3017.1845001182796,44,Fear,58.49,
2025-09-29,4152.85,4160.04,3833.75,4141.84,,ETH,59.35919300620876,4032.6009682276126,3667.4360869096686,308.9574532436759,359.8865100519325,5008.786771379503,3216.7252286204957,50,Neutral,58.49,
2025-10-03,4139.68,4514.81,4089.64,4484.01,,ETH,58.496791172534934,4074.5653530007053,3707.557172485183,303.36433860663374,348.5805729460607,4930.713815278341,3441.981184721659,63,Greed,58.49,
2025-10-07,4484.18,4734.99,4443.26,4689.13,,ETH,57.06441166991514,4131.580081203604,3755.3116056455665,311.2257768418458,341.1088191920764,4955.903452018553,3530.9725479814465,70,Greed,58.49,
2025-10-11,4690.84,4753.34,3574.79,3835.63,,ETH,42.39207722252632,4104.175106089088,3759.182646190389,248.20589030201472,322.52665261815804,4948.329065628149,3547.415934371852,27,Fear,58.49,
2025-10-15,3841.67,4283.09,3664.38,4128.89,,ETH,50.70691999157779,4106.459841802579,3776.842537123609,218.6253232505819,301.74497241677733,4929.210653188792,3605.180346811207,34,Fear,58.49,
2025-10-19,4126.24,4203.8,3687.73,3889.5,,ETH,36.94441655988521,4086.434007283898,3782.1782420208083,174.46027197442663,276.28664624518916,4922.238550181797,3620.3604498182026,29,Fear,58.49,
2025-10-23,3890.02,4106.4,3726.29,3801.79,,ETH,39.09139758072578,4060.1973328497056,3783.0995921680733,131.08553186359313,247.24515843367493,4872.277143763808,3700.7438562361904,27,Fear,58.49,
2025-10-27,3805.88,4172.98,3805.8,4161.59,,ETH,46.70477802837479,4069.531260897807,3800.7438872272683,123.5502432719577,222.50531334354775,4861.257726681906,3736.796273318094,51,Neutral,58.49,
2025-10-31,4158.57,4246.23,3687.02,3802.3,,ETH,43.33255334199393,4044.9589038106196,3800.815896388485,88.2871799113409,195.66093834514783,4881.932365025021,3673.469634974977,29,Fear,58.49,
2025-11-04,3801.55,3911.96,3572.5,3600.72,,ETH,40.92917806431473,4004.1529436450883,3791.621360662152,43.95084749315765,165.31824351004363,4906.594705016639,3565.8262949833597,21,Extreme Fear,58.49,
2025-11-08,3600.36,3649.01,3097.71,3434.35,,ETH,32.66089644344919,3951.8626951615524,3775.314337940532,-4.263838747783666,131.40122195859377,4962.464382599071,3445.9416174009284,20,Extreme Fear,58.49,
2025-11-12,3426.4,3647.92,3360.28,3416.78,,ETH,34.411829630840074,3902.8008781794015,3759.054181881523,-43.35150192117044,96.45017834467737,4922.340984664021,3350.3550153359793,24,Extreme Fear,58.49,
2025-11-16,3416.07,3583.32,3078.56,3170.11,,ETH,32.33361796578485,3835.672767203415,3732.5074307869086,-92.78801319883087,58.602107887405865,4946.117079671968,3193.5749203280316,10,Extreme Fear,58.49,
2025-11-20,3169.7,3241.23,2872.51,3017.75,,ETH,33.98874734186391,3760.788960642615,3700.477307374263,-142.39734335982075,18.401850433322476,4980.9085100064785,3021.665489993522,11,Extreme Fear,58.49,
2025-11-24,3020.94,3051.09,2632.87,2799.81,,ETH,32.07150929936169,3672.864510473385,3660.3407231720394,-196.7409173518422,-24.627017557515558,5031.536931771403,2821.209068228598,19,Extreme Fear,58.49,
2025-11-28,2798.91,3066.28,2770.21,3015.61,,ETH,29.69781769514097,3612.764420972447,3631.762305169662,-220.09654191348864,-63.72115097327016,5022.468626281273,2700.8693737187277,25,Extreme Fear,58.49,
2025-12-02,3014.82,3090.81,2724.95,2799.04,,ETH,23.94998635540452,3538.3961135949453,3595.038622144568,-252.9211139606614,-101.5613205418517,4947.572450676386,2584.785549323614,23,Extreme Fear,58.49,
2025-12-06,2796.73,3231.79,2785.45,3022.66,,ETH,36.44114438962884,3491.2844760442676,3569.9190033911896,-258.1294457346803,-132.87506273903625,4864.393915854143,2519.803084145857,23,Extreme Fear,58.49,
2025-12-10,3019.83,3388.4,2941.77,3322.47,,ETH,36.57970763659602,3475.8703246321516,3559.1098515138833,-235.6221598523648,-153.42454366949082,4755.560416292085,2512.7035837079147,26,Fear,58.49,
2025-12-14,3318.72,3432.93,3054.43,3115.23,,ETH,36.97536949127453,3442.9540323139126,3539.8063622735795,-231.65629676733306,-169.07093175471545,4699.291485252472,2465.6295147475275,21,Extreme Fear,58.49,
2025-12-18,3115.27,3171.02,2796.23,2827.8,,ETH,34.64731009914725,3386.8281727252574,3508.974289032457,-248.60709681271737,-184.9781952385788,4649.524223430934,2383.9927765690654,17,Extreme Fear,58.49,
2025-12-22,2832.47,3005.37,2781.74,3001.6,,ETH,30.576514124009975,3351.6920331712913,3487.0928543872506,-245.3114195692965,-197.0448585968301,4500.434838549977,2384.8411614500237,25,Extreme Fear,58.49,
2025-12-26,3004.22,3065.1,2893.8,2904.25,,ETH,33.516634790812404,3310.893673026851,3462.054628852676,-247.63008771446766,-207.1619168238349,4258.556587556285,2448.2314124437157,20,Extreme Fear,58.49,
2025-12-30,2901.68,3049.93,2896.35,2934.22,,ETH,36.94417238001959,3276.557413862799,3439.4640492427984,-244.248986703446,-214.5793380747427,4202.079030598131,2414.567969401869,23,Extreme Fear,58.49,
2026-01-03,2934.36,3144.27,2920.49,3121.9,,ETH,43.93020463826001,3262.4628703859617,3425.921277145871,-223.95097666612855,-216.45366726368923,4066.48372753059,2449.4642724694095,29,Fear,58.49,
2026-01-07,3124.92,3300.17,3080.89,3295.1,,ETH,47.7709713347793,3265.436552735662,3420.3613705659095,-191.77123854766205,-211.51717842179949,3980.7803535696626,2475.7276464303372,42,Fear,58.49,
2026-01-11,3292.52,3292.52,3058.45,3082.97,,ETH,48.383242420869045,3248.8147879816183,3406.069171698167,-181.19010011845785,-205.45175971527115,3896.620703929715,2488.005296070284,29,Fear,58.49,
2026-01-15,3081.69,3386.55,3071.03,3356.5,,ETH,56.0145877055613,3258.622535145453,3403.975961023871,-149.14007360242476,-194.18941796823054,3697.1389569206767,2606.9780430793235,61,Greed,58.49,
2026-01-19,3354.68,3378.86,3258.59,3284.32,,ETH,59.072167650946895,3260.9626121627502,3398.938295593904,-128.05754097062436,-180.9630383179148,3583.278459179188,2669.0405408208117,44,Fear,58.49,
2026-01-23,3281.73,3281.73,2872.06,2948.28,,ETH,48.793606995036825,3232.4933012826104,3380.0196094585053,-136.754179392065,-172.12126425943555,3498.168281453922,2688.9067185460776,24,Extreme Fear,58.49,
2026-01-27,2949.66,3005.15,2787.35,2927.84,,ETH,52.48225036809769,3204.758916749653,3361.089389599392,-143.6308120589947,-166.42317264731793,3445.5081175522646,2690.9158824477354,29,Fear,58.49,
2026-01-31,2924.81,3036.85,2641.68,2702.41,,ETH,43.83240313839683,3159.032933872116,3333.5870294626443,-165.28681116204007,-166.1959003128646,3406.0874082268647,2658.8995917731345,20,Extreme Fear,58.49,
2026-02-04,2702.88,2709.04,2117.03,2226.99,,ETH,30.23911914107596,3074.204110190156,3287.4993859455903,-218.14402105202225,-176.58552582839022,3497.9967712667967,2472.6782287332035,14,Extreme Fear,58.49,
2026-02-08,2229.7,2287.16,1756.73,2091.04,,ETH,31.03738127418488,2984.7319247850346,3237.790060399135,-267.8723977375398,-194.84290213294625,3588.563898856706,2289.4401011432938,7,Extreme Fear,58.49,
2026-02-12,2089.39,2140.2,1911.96,1939.43,,ETH,32.68102295368324,2889.6139879489056,3183.9725319711574,-315.8307132201908,-219.04046638903588,3683.64145125651,2108.32454874349,5,Extreme Fear,58.49,
2026-02-16,1940.58,2100.05,1902.17,1963.96,,ETH,28.52086145082096,2805.390784885634,3133.5152958838535,-347.8516060414204,-244.80269605588362,3731.4481027419956,1955.3528972580048,12,Extreme Fear,58.49,
2026-02-20,1965.16,2030.77,1914.26,1946.91,,ETH,29.501618732763504,2727.285668724386,3084.54462395915,-370.32844153008955,-269.90784650439184,3775.355350533511,1826.232649466489,7,Extreme Fear,58.49,
2026-02-24,1948.07,1994.42,1845.98,1853.7,,ETH,27.474149432955315,2647.8119857037864,3033.852329965291,-391.13141749827855,-294.1525617489871,3797.7427397773454,1686.9492602226555,8,Extreme Fear,58.49,
2026-02-28,1856.09,2121.02,1807.63,1931.32,,ETH,23.985946144366665,2582.633999589996,2988.533818263914,-396.7938333863981,-314.6808167848734,3750.3393509925436,1595.2376490074564,11,Extreme Fear,58.49,
2026-03-04,1930.31,2072.0,1841.29,1982.46,,ETH,19.70290082537808,2528.0404782405976,2947.2580816171576,-392.6363428712102,-330.2719224325642,3714.660071017255,1517.639928982745,10,Extreme Fear,58.49,
2026-03-08,1981.4,2192.82,1948.58,1969.69,,ETH,21.69991662090986,2477.254071329337,2907.2243325849863,-385.91963821592435,-341.4014658350388,3703.520475344549,1442.9685246554504,12,Extreme Fear,58.49,
2026-03-12,1969.78,2084.64,1922.33,2051.73,,ETH,13.254817142889323,2438.5511706363777,2872.250534409691,-369.72643673074026,-347.06646011427085,3660.0594371759034,1391.4425628240958,18,Extreme Fear,58.49,
2026-03-16,2052.16,2200.03,2020.71,2175.06,,ETH,19.635603149054504,2414.5867923327132,2843.7958128394466,-343.00475312473645,-346.25411870488165,3619.242689188472,1359.3403108115276,23,Extreme Fear,58.49,
2026-03-20,2177.72,2377.64,2104.6,2137.45,,ETH,23.470209076334115,2389.3823695234796,2815.013419405968,-321.1546364977348,-341.2342222066882,3569.4943504227713,1329.4116495772296,11,Extreme Fear,58.49,
2026-03-24,2136.1,2186.9,2030.61,2151.5,,ETH,24.49203553779833,2367.7487647661023,2788.0177473594767,-299.2560965868752,-332.8385970067766,3481.7073024546517,1320.1586975453483,11,Extreme Fear,58.49,
2026-03-28,2150.13,2196.43,1972.03,1991.9,,ETH,25.59944502826373,2333.56929852599,2755.6744956317802,-291.40152454934787,-324.55118245531474,3344.2845713367024,1327.261428663298,12,Extreme Fear,58.49,
2026-04-01,1990.82,2114.72,1947.32,2104.88,,ETH,44.416501294021906,2312.773058435996,2729.2724186679193,-272.92565407408574,-314.2260767192907,3235.926677846817,1337.8103221531833,8,Extreme Fear,58.49,
2026-04-05,2103.22,2161.5,2018.64,2064.99,,ETH,48.69414394995137,2290.2411167646264,2702.3595715780775,-258.5177643273769,-303.0844141893033,3030.1619168579828,1414.4240831420177,12,Extreme Fear,58.49,
2026-04-09,2065.52,2265.34,2024.21,2190.48,,ETH,62.92326857542905,2281.169651779529,2681.648091886265,-234.28398031721008,-289.32432736389876,2802.2802490169024,1532.9217509830978,14,Extreme Fear,58.49,
2026-04-13,2189.15,2322.45,2160.4,2192.16,,ETH,62.030027623726866,2273.076021992238,2661.867253596109,-212.49342384180682,-273.95814661393075,2648.0800016819408,1611.5099983180594,12,Extreme Fear,58.49,
2026-04-17,2189.6,2401.35,2178.19,2348.7,,ETH,68.46546256721355,2279.9523527487577,2649.226878035139,-180.52408024176793,-255.27133329518384,2476.468080943343,1725.2079190566571,21,Extreme Fear,58.49,
2026-04-21,2349.8,2462.81,2257.91,2315.02,,ETH,72.42857976313178,2283.1409208226996,2635.7527390397463,-156.10388794243818,-235.43784418700787,2351.632896912281,1811.3041030877189,33,Fear,58.49,
2026-04-25,2316.25,2420.19,2292.92,2315.51,,ETH,70.19310620315571,2286.0840679748867,2622.855789417657,-135.15320911619256,-215.3809171424042,2368.701458038104,1803.0875419618958,31,Fear,58.49,
2026-04-29,2315.35,2398.26,2263.65,2289.17,,ETH,66.55225636542218,2286.3646508948664,2609.431641374668,-119.29817872215926,-196.16436943502313,2392.8870628735604,1798.7149371264395,26,Fear,58.49,
2025-04-30,147.84,149.89,145.4,146.49,,SOL,,146.49,146.49,0.0,0.0,,,,,58.49,
2025-05-04,146.44,153.32,141.31,146.8,,SOL,,146.65238095238095,146.6481,0.006955128205134997,0.0038639601139638874,,,64,Greed,58.49,
2025-05-08,146.76,149.28,141.9,147.2,,SOL,,146.85256797583082,146.8394734035462,0.021266189900046584,0.010996021501702695,,,65,Greed,58.49,
2025-05-12,147.21,179.62,147.21,172.86,,SOL,,154.31128205128206,153.74001093562578,0.9536984876000645,0.330339675329061,,,70,Greed,58.49,
2025-05-16,173.02,184.05,167.32,168.75,,SOL,,157.77391607017083,156.9868723195245,1.2767441385270786,0.6118736065516982,,,71,Greed,58.49,
2025-05-20,169.0,176.13,160.52,166.71,,SOL,,159.63918045365173,158.77367606515435,1.359708245202654,0.8145783724276837,,,71,Greed,58.49,
2025-05-24,166.78,186.92,165.22,174.44,,SOL,,162.402971121739,161.28904772349904,1.7396754598751727,1.048695765916079,,,66,Greed,58.49,
2025-05-28,174.3,178.9,169.9,176.58,,SOL,,164.81878862193483,163.47847708457772,2.068261462763502,1.2937165758056934,,,71,Greed,58.49,
2025-06-01,176.61,177.03,152.78,156.87,,SOL,,163.5640323116614,162.62135845094355,1.2864467654659961,1.2920372135515084,,,56,Greed,58.49,
2025-06-05,156.82,162.57,151.03,153.53,,SOL,,162.07949362909304,161.5400515921849,0.5410908458077301,1.1237816348000793,,,57,Greed,58.49,
2025-06-09,153.48,154.64,142.38,152.5,,SOL,,160.73868550351128,160.54423568620322,-0.05997736309424795,0.8647819299840432,,,62,Greed,58.49,
2025-06-13,152.48,167.8,150.01,152.66,,SOL,,159.66081762519497,159.73326999403992,-0.49104552324510564,0.5736070542382958,,,61,Greed,58.49,
2025-06-17,152.6,158.57,141.88,151.44,,SOL,,158.608713471163,158.93127322828886,-0.8731389932410423,0.2674253262348092,,,68,Greed,58.49,
2025-06-21,150.92,154.02,136.98,140.04,,SOL,45.930599369085165,156.31722917665186,157.20371677572388,-1.8085011426165067,-0.16686003993031437,,,49,Neutral,58.49,
2025-06-25,140.06,146.4,127.01,145.8,,SOL,49.59416539230679,155.06019295642957,156.21264277321933,-2.1490222677047655,-0.5777493685092564,,,66,Greed,58.49,
2025-06-29,145.92,152.15,137.98,150.78,,SOL,52.219000892060656,154.56284768402162,155.76199517563364,-2.0783613679843143,-0.8865641312184146,,,68,Greed,58.49,
2025-07-03,150.79,158.34,145.46,152.17,,SOL,52.740708062203595,154.29166378832892,155.47651829806216,-1.9126607594934626,-1.0965110409966483,,,73,Greed,58.49,
2025-07-07,152.29,156.04,145.55,151.92,,SOL,33.95648176524669,154.02877515855855,155.20480038386995,-1.7780431077722483,-1.235317977827724,,,73,Greed,58.49,
2025-07-11,151.92,164.76,147.99,163.86,,SOL,46.65480913941717,155.09722255919954,155.84235057919446,-0.8870246481041022,-1.1646407456217958,,,71,Greed,58.49,
2025-07-15,163.75,168.18,158.26,162.28,,SOL,46.950296020927986,155.86421014376418,156.30076376684937,-0.292561959246882,-0.9881906573340458,177.89898715531075,135.46901284468925,73,Greed,58.49,
2025-07-19,162.28,184.13,157.97,177.37,,SOL,51.831478934866865,158.12474998874055,157.75455498802486,1.1685861214296551,-0.552819713391285,180.77233629423074,135.68366370576928,74,Greed,58.49,
2025-07-23,177.35,205.29,174.64,205.29,,SOL,63.57190129526329,163.0130020765667,160.93966371975762,4.158668172116222,0.3964824775360758,191.335633578732,130.969366421268,74,Greed,58.49,
2025-07-27,205.19,205.19,176.94,184.94,,SOL,63.189549854336995,165.2569674423571,162.50432365125744,5.0457788621612565,1.3318632680785842,194.25120460276923,131.82779539723083,73,Greed,58.49,
2025-07-31,184.83,194.21,173.22,177.88,,SOL,61.055116680286936,166.53418626102356,163.48133362939092,5.1898685439918495,2.1071253951455367,194.9127709494432,131.66822905055682,72,Greed,58.49,
2025-08-04,177.81,182.53,156.11,161.9,,SOL,53.757595139110975,166.07005956416316,163.38323798900078,4.130194591915881,2.5132736191075375,194.46951919929586,131.42648080070416,64,Greed,58.49,
2025-08-08,161.85,175.39,161.45,175.39,,SOL,58.21111191387905,166.99492841642305,164.11144327003808,4.204110255100005,2.8524660926537537,195.35736196247944,131.40663803752057,74,Greed,58.49,
2025-08-12,175.25,186.35,173.9,175.05,,SOL,58.58358176397878,167.78767665097203,164.7609410532231,4.188475282864516,3.1203155509477085,195.43340493149088,131.3915950685091,68,Greed,58.49,
2025-08-16,174.96,209.18,174.04,185.6,,SOL,66.66666666666669,169.52763318785296,165.97384647519092,4.88183992124786,3.4733032024251407,196.90316119043814,130.82383880956183,56,Greed,58.49,
2025-08-20,185.7,195.1,176.13,176.4,,SOL,60.91921210391094,170.19442816839046,166.56937692889488,4.7028568085737845,3.7195950418165347,198.1625859867163,131.51741401328366,44,Fear,58.49,
2025-08-24,176.28,207.58,176.28,204.02,,SOL,66.35536986974688,173.45642019712918,168.67089156961524,6.5145898121569985,4.279286860797003,204.51021391298409,130.2187860870159,53,Neutral,58.49,
2025-08-28,204.27,212.69,186.21,203.29,,SOL,65.76804441702653,176.3176290329093,170.58123568953727,7.800737990861904,4.984275273516653,209.6261303292602,130.1818696707398,48,Neutral,58.49,
2025-09-01,202.93,217.66,198.1,200.9,,SOL,64.91110569897711,178.66349601589428,172.2279869648338,8.539494083277816,5.695882829059454,213.4622548784979,131.1697451215021,46,Fear,58.49,
2025-09-05,200.23,212.41,194.5,202.69,,SOL,62.599779349730674,180.94600092680636,173.85790870336876,9.150818512623886,6.387308208671079,216.92424515052804,132.83275484947197,48,Neutral,58.49,
2025-09-09,202.49,216.73,199.69,214.09,,SOL,65.8044048563236,184.0818362256305,175.98026445953383,10.372065258072553,7.184663925932806,220.7508639714241,136.41113602857592,48,Neutral,58.49,
2025-09-13,214.33,243.62,211.34,242.26,,SOL,68.33154415503701,189.5659059039773,179.43000698913926,13.315963975164323,8.411421567798644,231.44369253593698,135.36430746406302,52,Neutral,58.49,
2025-09-17,242.22,248.84,230.63,237.0,,SOL,60.27344003110219,194.02225555246096,182.38845844730903,15.069868504589778,9.743543253359565,238.80546403967634,136.62453596032367,53,Neutral,58.49,
2025-09-21,236.92,252.78,232.78,239.46,,SOL,69.9794781588977,198.278117467208,185.2860227854762,16.45451688113556,11.086086523074854,245.25594808114116,138.90305191885884,49,Neutral,58.49,
2025-09-25,239.56,241.69,206.33,211.6,,SOL,60.72246247774104,199.52246516270512,186.60674187495098,15.235987715062834,11.916239177433223,245.37185204280837,144.75514795719164,44,Fear,58.49,
2025-09-29,211.62,212.22,191.28,210.75,,SOL,67.18739004996131,200.56857524780017,187.8053559719404,14.042640086831426,12.341590032845994,245.93231429597657,148.8836857040234,50,Neutral,58.49,
2025-10-03,210.75,234.62,204.69,234.62,,SOL,69.4209456357794,203.73410138883193,190.10552048751836,14.770852169651931,12.827507049657417,249.3081471088704,152.7418528911296,63,Greed,58.49,
2025-10-07,234.78,237.29,224.69,232.6,,SOL,68.66446130894467,206.41206435283246,192.17291653260037,15.016631689891142,13.265378540187665,252.68682796144435,154.88617203855563,70,Greed,58.49,
2025-10-11,232.63,234.97,176.73,189.89,,SOL,51.15118338431815,204.88212132802113,192.06288865506158,11.753881420779749,12.963053397327283,252.30062588461425,153.73237411538577,27,Fear,58.49,
2025-10-15,188.79,210.8,173.79,202.78,,SOL,56.94137459214819,204.6877934992417,192.57481522487566,10.058216203656912,12.382046417307137,252.45533437020785,155.3616656297921,34,Fear,58.49,
2025-10-19,202.58,207.6,175.12,187.56,,SOL,45.36651278009233,203.10686333522517,192.33730256063896,7.439151173570991,11.39341354226635,252.03123341150675,156.75376658849328,29,Fear,58.49,
2025-10-23,187.65,197.26,177.75,180.03,,SOL,43.6937425441926,200.9797848273514,191.75911191405274,4.719858849298163,10.058644466280013,250.14110047195405,160.45689952804602,27,Fear,58.49,
2025-10-27,180.09,200.59,179.97,200.07,,SOL,49.794625624783485,200.89603255653714,192.14654514500936,4.092101581159966,8.865294307071888,249.21593242034774,163.85006757965223,51,Neutral,58.49,
2025-10-31,200.02,205.03,179.42,184.29,,SOL,45.74192353975747,199.36908035637242,191.7829833030514,2.326178902672808,7.557434768389163,248.42473328420027,165.56526671579968,29,Fear,58.49,
2025-11-04,184.5,189.61,164.02,165.93,,SOL,39.202762084118014,196.29750384812533,190.59502201597584,-0.5142886172634178,5.943054089366471,250.4074482622597,161.61555173774033,21,Extreme Fear,58.49,
2025-11-08,165.89,168.17,147.97,161.88,,SOL,29.793866264454508,193.13904380773195,189.28437535345438,-3.049210456369565,4.144569094174767,252.1278063277764,158.44319367222363,20,Extreme Fear,58.49,
2025-11-12,161.69,171.62,154.35,154.35,,SOL,29.457672615201076,189.58247024365323,187.7000406469545,-5.588547772397163,2.1979179373266597,254.89892610388506,150.70507389611492,24,Extreme Fear,58.49,
2025-11-16,154.66,160.79,136.26,139.59,,SOL,26.607954279289828,185.00223021279817,185.53147304157247,-8.669453751055869,0.024418782676925786,258.8836772798126,140.35032272018742,10,Extreme Fear,58.49,
2025-11-20,139.27,143.06,129.33,136.43,,SOL,30.089526937543056,180.5552657348217,183.3311094307559,-11.23134656306621,-2.226754849558885,262.0363811308422,130.7506188691578,11,Extreme Fear,58.49,
2025-11-24,136.72,144.3,122.66,130.85,,SOL,29.35400516795866,176.00749898941115,180.99238518657907,-13.547847720784006,-4.4909899697205855,264.5700570427606,121.03294295723936,19,Extreme Fear,58.49,
2025-11-28,130.58,144.38,128.65,140.83,,SOL,23.89065196815322,172.79082903280627,179.2121420702164,-14.423066389551963,-6.477416866351508,263.75391064897906,114.52308935102094,25,Extreme Fear,58.49,
2025-12-02,140.85,143.08,123.52,126.75,,SOL,22.387436740230626,168.58304266535905,176.8985219543105,-16.05197138219765,-8.392336725227965,258.54521489015514,108.18078510984486,23,Extreme Fear,58.49,
2025-12-06,126.67,146.14,126.16,133.2,,SOL,31.761147931278558,165.35086047460447,174.98075254589753,-16.636534809758956,-10.04118251119865,252.0853415661381,104.26065843386189,23,Extreme Fear,58.49,
2025-12-10,133.23,144.43,128.26,138.01,,SOL,28.01873345550804,162.85441483221427,173.3657835065793,-16.525235795403233,-11.337997049606946,243.12572507151108,103.07527492848888,26,Fear,58.49,
2025-12-14,137.89,141.67,129.42,133.22,,SOL,30.153396639883127,160.14962838801372,171.6199198515389,-16.627423040038963,-12.395884780831208,238.90705108951698,99.45594891048303,21,Extreme Fear,58.49,
2025-12-18,133.17,134.26,121.76,123.08,,SOL,29.58927675435453,156.76744336017083,169.51799149348045,-17.31855791650861,-13.380421293963959,234.54333513168876,95.05266486831125,17,Extreme Fear,58.49,
2025-12-22,123.17,128.57,117.62,126.02,,SOL,19.75328813005474,153.96301072174816,167.642061871825,-17.429942854070674,-14.190326847161948,222.8542264714083,95.88177352859168,25,Extreme Fear,58.49,
2025-12-26,126.02,128.1,120.09,120.09,,SOL,21.481876332622605,150.87442451806146,165.59928268903394,-17.78732573757378,-14.909727507226961,209.35732190737895,98.12767809262108,20,Extreme Fear,58.49,
2025-12-30,120.02,129.06,119.72,123.1,,SOL,27.97037341837259,148.34260478475989,163.78037317368785,-17.62611003712223,-15.453004546050582,204.8882772388053,95.91772276119468,23,Extreme Fear,58.49,
2026-01-03,123.12,132.89,122.59,132.05,,SOL,35.39320340808932,146.85779509633818,162.42720610875614,-16.589953368082064,-15.680394488875605,195.95162831912808,97.78137168087198,29,Fear,58.49,
2026-01-07,132.18,142.91,130.01,141.1,,SOL,43.60706359162405,146.33318236679816,161.5207994739696,-14.871894592712522,-15.518694408142203,189.76523826357132,99.32176173642867,42,Fear,58.49,
2026-01-11,141.0,141.0,133.38,135.8,,SOL,47.987681851969846,145.3736636123336,160.4312435066587,-13.776454140544445,-15.170246179643053,184.467418580422,100.196581419578,29,Fear,58.49,
2026-01-15,135.72,147.9,135.63,146.71,,SOL,55.04317111459969,145.4953743762389,159.8518218139252,-11.895848994135832,-14.515366479453833,172.03112067905693,107.29687932094305,61,Greed,58.49,
2026-01-19,146.69,146.69,138.59,138.59,,SOL,53.7047673750718,144.86655328570995,158.95667255588882,-10.931146752475286,-13.79852230367329,162.00886625174712,112.74913374825285,44,Fear,58.49,
2026-01-23,138.05,138.05,125.71,128.22,,SOL,43.9866475917978,143.35090808466813,157.66634357134177,-10.873840614651812,-13.213585815475922,156.41500470084247,114.57199529915749,24,Extreme Fear,58.49,
2026-01-27,128.27,129.56,117.75,124.2,,SOL,48.65492140521152,141.60748811600416,156.2652957831746,-11.024146868316393,-12.775697935975703,151.01746003647713,116.20153996352285,29,Fear,58.49,
2026-01-31,124.1,127.87,113.12,117.3,,SOL,41.65266694666107,139.39491484605466,154.63834705153823,-11.564271533183955,-12.533412615549194,147.69518598936486,115.81881401063517,20,Extreme Fear,58.49,
2026-02-04,117.35,118.54,96.6,97.62,,SOL,31.659249841068018,135.59281865818627,152.2636422738478,-13.419288676942386,-12.710587851151246,151.28950725201787,108.02749274798215,14,Extreme Fear,58.49,
2026-02-08,97.68,99.29,70.61,87.67,,SOL,30.242040426823976,131.23163493343463,149.57996873696106,-15.510401856129192,-13.270550711117806,155.58219134218695,98.8588086578131,7,Extreme Fear,58.49,
2026-02-12,87.63,88.59,78.35,79.27,,SOL,30.7055403858011,126.50335175293935,146.66559324384215,-17.639635820923147,-14.144367806697817,160.1049983728638,89.17800162713624,5,Extreme Fear,58.49,
2026-02-16,79.21,90.96,76.81,85.94,,SOL,32.90977315367559,122.8125823552027,144.15410625944568,-18.576229404716898,-15.03074018604301,160.4469719980785,83.34702800192144,12,Extreme Fear,58.49,
2026-02-20,85.99,87.41,79.82,82.33,,SOL,33.574038628849834,119.12945181456791,141.60265293695383,-19.385349875814953,-15.901662170957417,161.98393301249166,77.36806698750834,7,Extreme Fear,58.49,
2026-02-24,82.38,86.6,77.32,77.74,,SOL,30.535530381050464,115.36408306863768,138.97247174682556,-20.163415464413433,-16.754012866415547,162.61204464222885,71.19395535777113,8,Extreme Fear,58.49,
2026-02-28,77.76,90.65,76.1,81.97,,SOL,27.60286225402504,112.32628344776342,136.62944096880994,-20.206517374053774,-17.444513791771506,161.21126166011203,66.99073833988803,11,Extreme Fear,58.49,
2026-03-04,81.87,89.58,77.47,87.21,,SOL,25.048615612556716,110.04163539976444,134.60193186000674,-19.592880671252857,-17.874187179529763,159.46993916731475,64.13106083268521,10,Extreme Fear,58.49,
2026-03-08,87.03,93.71,82.51,83.18,,SOL,25.346701649175415,107.59835649363174,132.4960808675854,-19.20956517497541,-18.141262784517416,158.80837573731083,60.8026242626892,12,Extreme Fear,58.49,
2026-03-12,83.2,88.54,81.03,86.63,,SOL,19.736046745919793,105.69121122560409,130.62101168915186,-18.41560055375517,-18.196130339334392,157.25942057216034,58.41257942783969,18,Extreme Fear,58.49,
2026-03-16,86.57,92.91,84.89,92.16,,SOL,25.985310851349936,104.46055494238215,129.05128673605657,-17.143301641059068,-17.985564596703025,155.98326288749817,56.89573711250183,23,Extreme Fear,58.49,
2026-03-20,92.25,97.26,87.28,88.85,,SOL,28.032585648923103,103.04084078699056,127.41315251010587,-16.21468970726626,-17.631389614810722,154.21371532526905,55.240284674730944,11,Extreme Fear,58.49,
2026-03-24,88.9,91.96,85.32,91.38,,SOL,31.37766681797548,101.98037539298177,125.94710956430546,-15.100822161181227,-17.125276119506392,150.77530497312569,54.611695026874315,11,Extreme Fear,58.49,
2026-03-28,91.45,93.24,82.14,82.96,,SOL,30.845604640785368,100.25067360981038,124.20070595718099,-14.726730093109339,-16.645566910755324,145.0382488001701,54.53475119982992,12,Extreme Fear,58.49,
2026-04-01,82.99,84.69,79.81,83.06,,SOL,39.60890665144163,98.68741123591441,122.53166896882324,-14.257814228164818,-16.168016371472394,139.62649537148886,54.672504628511156,8,Extreme Fear,58.49,
2026-04-05,83.09,86.05,76.95,80.77,,SOL,44.47115384615384,97.05810668451446,120.83972984836852,-13.910372560767456,-15.716487607240069,129.87893057534302,57.82606942465695,12,Extreme Fear,58.49,
2026-04-09,80.79,86.37,78.48,82.6,,SOL,52.982267598065555,95.74340399479993,119.29248820765757,-13.333796991477072,-15.23994948232173,120.5522361007252,61.553763899274806,14,Extreme Fear,58.49,
2026-04-13,82.48,86.17,81.41,81.53,,SOL,45.61019311168624,94.45098201975333,117.7664578811769,-12.815357330887082,-14.75503105059737,112.70874913760221,64.72825086239777,12,Extreme Fear,58.49,
2026-04-17,81.54,90.1,81.54,88.99,,SOL,56.157544378698226,93.95442630273753,116.60495318758069,-11.668596582960106,-14.137744155606072,104.20497941517246,69.71102058482754,21,Extreme Fear,58.49,
2026-04-21,89.05,90.46,83.17,85.32,,SOL,57.129420617005266,93.16933068886688,115.34364519119201,-10.9296495230044,-13.496125227868498,95.02540389237595,75.69259610762404,33,Fear,58.49,
2026-04-25,85.36,89.24,84.45,86.22,,SOL,54.264499297611884,92.53746523744289,114.17076556254321,-10.154403040196215,-12.827780789319691,92.57222325328917,77.00577674671084,31,Fear,58.49,
2026-04-29,86.21,88.01,83.05,84.03,,SOL,46.60111158614793,91.76393898394022,112.9582053880547,-9.60585233561389,-12.183395097796138,92.27596163972633,76.93803836027367,26,Fear,58.49,
