date,protocol,tvl
2025-06-17,aave-v3,25854553446
2025-06-18,aave-v3,25252551264
2025-06-19,aave-v3,25284659119
2025-06-20,aave-v3,25222340888
2025-06-21,aave-v3,24265434803
2025-06-22,aave-v3,23485312582
2025-06-23,aave-v3,22517524974
2025-06-24,aave-v3,24138877391
2025-06-25,aave-v3,24471322262
2025-06-26,aave-v3,24675428790
2025-06-27,aave-v3,24149649040
2025-06-28,aave-v3,24425584609
2025-06-29,aave-v3,24603601779
2025-06-30,aave-v3,25144712857
2025-07-01,aave-v3,24706446674
2025-07-02,aave-v3,24163484177
2025-07-03,aave-v3,25348196037
2025-07-04,aave-v3,25812437106
2025-07-05,aave-v3,25239713313
2025-07-06,aave-v3,25552744940
2025-07-07,aave-v3,25941377978
2025-07-08,aave-v3,25686241616
2025-07-09,aave-v3,26197491390
2025-07-10,aave-v3,27419357897
2025-07-11,aave-v3,28406819834
2025-07-12,aave-v3,28436691422
2025-07-13,aave-v3,28457113990
2025-07-14,aave-v3,28956506491
2025-07-15,aave-v3,29332422701
2025-07-16,aave-v3,29953960869
2025-07-17,aave-v3,29961937383
2025-07-18,aave-v3,30531960608
2025-07-19,aave-v3,31353193760
2025-07-20,aave-v3,31821699764
2025-07-21,aave-v3,33098489744
2025-07-22,aave-v3,33013067640
2025-07-23,aave-v3,32915384493
2025-07-24,aave-v3,32497650373
2025-07-25,aave-v3,32460981710
2025-07-26,aave-v3,33023128725
2025-07-27,aave-v3,33233866748
2025-07-28,aave-v3,34667799096
2025-07-29,aave-v3,33716703551
2025-07-30,aave-v3,33704914212
2025-07-31,aave-v3,33943431057
2025-08-01,aave-v3,33568198818
2025-08-02,aave-v3,32034745552
2025-08-03,aave-v3,31606099660
2025-08-04,aave-v3,32488709752
2025-08-05,aave-v3,34053495936
2025-08-06,aave-v3,34087007289
2025-08-07,aave-v3,34605492573
2025-08-08,aave-v3,36635875815
2025-08-09,aave-v3,36921982534
2025-08-10,aave-v3,38159952150
2025-08-11,aave-v3,38296803889
2025-08-12,aave-v3,38154607276
2025-08-13,aave-v3,39795999390
2025-08-14,aave-v3,39810874244
2025-08-15,aave-v3,38545303406
2025-08-16,aave-v3,37381353183
2025-08-17,aave-v3,37234390344
2025-08-18,aave-v3,37243568693
2025-08-19,aave-v3,36686666242
2025-08-20,aave-v3,35264662713
2025-08-21,aave-v3,36630468406
2025-08-22,aave-v3,36415798157
2025-08-23,aave-v3,39571976310
2025-08-24,aave-v3,40739958364
2025-08-25,aave-v3,39491802594
2025-08-26,aave-v3,38302630261
2025-08-27,aave-v3,39437983079
2025-08-28,aave-v3,39202254568
2025-08-29,aave-v3,39664294930
2025-08-30,aave-v3,39080623160
2025-08-31,aave-v3,38944462176
2025-09-01,aave-v3,38811422793
2025-09-02,aave-v3,38550189602
2025-09-03,aave-v3,38241641025
2025-09-04,aave-v3,39869691553
2025-09-05,aave-v3,38763188684
2025-09-06,aave-v3,39101685763
2025-09-07,aave-v3,38813379134
2025-09-08,aave-v3,39811182606
2025-09-09,aave-v3,39570253780
2025-09-10,aave-v3,39324898341
2025-09-11,aave-v3,39970449688
2025-09-12,aave-v3,40537894167
2025-09-13,aave-v3,42166532929
2025-09-14,aave-v3,42055961630
2025-09-15,aave-v3,41709919618
2025-09-16,aave-v3,41340360634
2025-09-17,aave-v3,40613286253
2025-09-18,aave-v3,41465810216
2025-09-19,aave-v3,42366186712
2025-09-20,aave-v3,41535296901
2025-09-21,aave-v3,42723970597
2025-09-22,aave-v3,42106693629
2025-09-23,aave-v3,40233002733
2025-09-24,aave-v3,39602829708
2025-09-25,aave-v3,39740376931
2025-09-26,aave-v3,39429076309
2025-09-27,aave-v3,40368755202
2025-09-28,aave-v3,41281866357
2025-09-29,aave-v3,42703084286
2025-09-30,aave-v3,43296408982
2025-10-01,aave-v3,42990626099
2025-10-02,aave-v3,44206721746
2025-10-03,aave-v3,44654503641
2025-10-04,aave-v3,44664094942
2025-10-05,aave-v3,44340804073
2025-10-06,aave-v3,44223795844
2025-10-07,aave-v3,45443859638
2025-10-08,aave-v3,44510427344
2025-10-09,aave-v3,44994427464
2025-10-10,aave-v3,42969039542
2025-10-11,aave-v3,38212838691
2025-10-12,aave-v3,38769704568
2025-10-13,aave-v3,41107889975
2025-10-14,aave-v3,41787792323
2025-10-15,aave-v3,40899079068
2025-10-16,aave-v3,38658234131
2025-10-17,aave-v3,37923810706
2025-10-18,aave-v3,37062962133
2025-10-19,aave-v3,38946215179
2025-10-20,aave-v3,37639815505
2025-10-21,aave-v3,39269888928
2025-10-22,aave-v3,37173745828
2025-10-23,aave-v3,35660585288
2025-10-24,aave-v3,36094662652
2025-10-25,aave-v3,36980984711
2025-10-26,aave-v3,37247198914
2025-10-27,aave-v3,38912794142
2025-10-28,aave-v3,39101918832
2025-10-29,aave-v3,38076998868
2025-10-30,aave-v3,37240395809
2025-10-31,aave-v3,36604726580
2025-11-01,aave-v3,36680879342
2025-11-02,aave-v3,36653646800
2025-11-03,aave-v3,36877472043
2025-11-04,aave-v3,34522227812
2025-11-05,aave-v3,31290889972
2025-11-06,aave-v3,31089685136
2025-11-07,aave-v3,30257292601
2025-11-08,aave-v3,30959924402
2025-11-09,aave-v3,30448234453
2025-11-10,aave-v3,31553944921
2025-11-11,aave-v3,32308544955
2025-11-12,aave-v3,31564881195
2025-11-13,aave-v3,31848109462
2025-11-14,aave-v3,32237966170
2025-11-15,aave-v3,31619319058
2025-11-16,aave-v3,31420051179
2025-11-17,aave-v3,29785571048
2025-11-18,aave-v3,29545467137
2025-11-19,aave-v3,30850803371
2025-11-20,aave-v3,30232574659
2025-11-21,aave-v3,29628857370
2025-11-22,aave-v3,29049573895
2025-11-23,aave-v3,27645322785
2025-11-24,aave-v3,29042106093
2025-11-25,aave-v3,30089488865
2025-11-26,aave-v3,30367206746
2025-11-27,aave-v3,30769096761
2025-11-28,aave-v3,30833317625
2025-11-29,aave-v3,30908647673
2025-11-30,aave-v3,30342705447
2025-12-01,aave-v3,30263664841
2025-12-02,aave-v3,29042655849
2025-12-03,aave-v3,29729218959
2025-12-04,aave-v3,31101329886
2025-12-05,aave-v3,30777646928
2025-12-06,aave-v3,31035927975
2025-12-07,aave-v3,31076698096
2025-12-08,aave-v3,31199329231
2025-12-09,aave-v3,30782142595
2025-12-10,aave-v3,31983147315
2025-12-11,aave-v3,31562725101
2025-12-12,aave-v3,31371494568
2025-12-13,aave-v3,30416035022
2025-12-14,aave-v3,30693387546
2025-12-15,aave-v3,31330545729
2025-12-16,aave-v3,30421536004
2025-12-17,aave-v3,30981875893
2025-12-18,aave-v3,30095459789
2025-12-19,aave-v3,30213550276
2025-12-20,aave-v3,31123785190
2025-12-21,aave-v3,31305609334
2025-12-22,aave-v3,31625521936
2025-12-23,aave-v3,31298047702
2025-12-24,aave-v3,30976904743
2025-12-25,aave-v3,30897644994
2025-12-26,aave-v3,30589444467
2025-12-27,aave-v3,30693211142
2025-12-28,aave-v3,30934146768
2025-12-29,aave-v3,30999240192
2025-12-30,aave-v3,30192694583
2025-12-31,aave-v3,29894738038
2026-01-01,aave-v3,30480485247
2026-01-02,aave-v3,31194396445
2026-01-03,aave-v3,31334971235
2026-01-04,aave-v3,32500207020
2026-01-05,aave-v3,32648276897
2026-01-06,aave-v3,33179606086
2026-01-07,aave-v3,33393009262
2026-01-08,aave-v3,32309791493
2026-01-09,aave-v3,31126107332
2026-01-10,aave-v3,31136231011
2026-01-11,aave-v3,31809702306
2026-01-12,aave-v3,32033682029
2026-01-13,aave-v3,31099174419
2026-01-14,aave-v3,33731432224
2026-01-15,aave-v3,34789100740
2026-01-16,aave-v3,34726575983
2026-01-17,aave-v3,34647432766
2026-01-18,aave-v3,34821783151
2026-01-19,aave-v3,34275023279
2026-01-20,aave-v3,34351418111
2026-01-21,aave-v3,31589714090
2026-01-22,aave-v3,32128163033
2026-01-23,aave-v3,31850254836
2026-01-24,aave-v3,31925514620
2026-01-25,aave-v3,32684475658
2026-01-26,aave-v3,31693594619
2026-01-27,aave-v3,32762802525
2026-01-28,aave-v3,33363832645
2026-01-29,aave-v3,33306105498
2026-01-30,aave-v3,31542645779
2026-01-31,aave-v3,30750557938
2026-02-01,aave-v3,28981321194
2026-02-02,aave-v3,27888631665
2026-02-03,aave-v3,28782997487
2026-02-04,aave-v3,28295929600
2026-02-05,aave-v3,27793045242
2026-02-06,aave-v3,25295084480
2026-02-07,aave-v3,26345987190
2026-02-08,aave-v3,27040833048
2026-02-09,aave-v3,27434512420
2026-02-10,aave-v3,27327821517
2026-02-11,aave-v3,26731309103
2026-02-12,aave-v3,26135325607
2026-02-13,aave-v3,26061154055
2026-02-14,aave-v3,26607365086
2026-02-15,aave-v3,26566995928
2026-02-16,aave-v3,26004031535
2026-02-17,aave-v3,26062742416
2026-02-18,aave-v3,25939652245
2026-02-19,aave-v3,24259216928
2026-02-20,aave-v3,24401882303
2026-02-21,aave-v3,23962531476
2026-02-22,aave-v3,23887081649
2026-02-23,aave-v3,24424606214
2026-02-24,aave-v3,23494076596
2026-02-25,aave-v3,23502000538
2026-02-26,aave-v3,24905398607
2026-02-27,aave-v3,24583413978
2026-02-28,aave-v3,23881448779
2026-03-01,aave-v3,24145628463
2026-03-02,aave-v3,23966848054
2026-03-03,aave-v3,24673002644
2026-03-04,aave-v3,24255711017
2026-03-05,aave-v3,25406273895
2026-03-06,aave-v3,24561896071
2026-03-07,aave-v3,23759110915
2026-03-08,aave-v3,23959836992
2026-03-09,aave-v3,23678520206
2026-03-10,aave-v3,24173019973
2026-03-11,aave-v3,24591218736
2026-03-12,aave-v3,24730031496
2026-03-13,aave-v3,25042451823
2026-03-14,aave-v3,25060411478
2026-03-15,aave-v3,25004070925
2026-03-16,aave-v3,25489123381
2026-03-17,aave-v3,26440235488
2026-03-18,aave-v3,26203197958
2026-03-19,aave-v3,24388019527
2026-03-20,aave-v3,23841839401
2026-03-21,aave-v3,24714343269
2026-03-22,aave-v3,24655337922
2026-03-23,aave-v3,24453681171
2026-03-24,aave-v3,25038891394
2026-03-25,aave-v3,25101019701
2026-03-26,aave-v3,24629528945
2026-03-27,aave-v3,24074712181
2026-03-28,aave-v3,23371979009
2026-03-29,aave-v3,23420283054
2026-03-30,aave-v3,23397931303
2026-03-31,aave-v3,23098676700
2026-04-01,aave-v3,23889789145
2026-04-02,aave-v3,23899048384
2026-04-03,aave-v3,23400500744
2026-04-04,aave-v3,23580912600
2026-04-05,aave-v3,23753590202
2026-04-06,aave-v3,24183560005
2026-04-07,aave-v3,23816813244
2026-04-08,aave-v3,24861893641
2026-04-09,aave-v3,24401814405
2026-04-10,aave-v3,24720470497
2026-04-11,aave-v3,25155831559
2026-04-12,aave-v3,25423868986
2026-04-13,aave-v3,24788826942
2026-04-14,aave-v3,26052499197
2026-04-15,aave-v3,25902178000
2026-04-16,aave-v3,25943212533
2026-04-17,aave-v3,25668368036
2026-04-18,aave-v3,25953969005
2026-04-19,aave-v3,21538038790
2026-04-20,aave-v3,17535923858
2026-04-21,aave-v3,16129080792
2026-04-22,aave-v3,15168020210
2026-04-23,aave-v3,14819674079
2026-04-24,aave-v3,13851761468
2026-04-25,aave-v3,13812305742
2026-04-26,aave-v3,13731926923
2026-04-27,aave-v3,14063907064
2026-04-28,aave-v3,13722326348
2026-04-29,aave-v3,13654832169
2026-04-30,aave-v3,13588056271
2026-05-01,aave-v3,13599722206
2026-05-02,aave-v3,14010365717
2026-05-03,aave-v3,14039005960
2026-05-04,aave-v3,14010100061
2026-05-05,aave-v3,14168905344
2026-05-06,aave-v3,14151678647
2026-05-07,aave-v3,14049134659
2026-05-08,aave-v3,13773234050
2026-05-09,aave-v3,14153706482
2026-05-10,aave-v3,14336477845
2026-05-11,aave-v3,14578244918
2026-05-12,aave-v3,14431706252
2026-05-13,aave-v3,14187030946
2026-05-14,aave-v3,14088645960
2026-05-15,aave-v3,14116708178
2026-05-16,aave-v3,13849150241
2026-05-17,aave-v3,13682415329
2026-05-18,aave-v3,13513009486
2026-05-19,aave-v3,13396778824
2026-05-20,aave-v3,13356889880
2026-05-21,aave-v3,13430516663
2026-05-22,aave-v3,13641921381
2026-05-23,aave-v3,13421830678
2026-05-24,aave-v3,13774089048
2026-05-25,aave-v3,13750611881
2026-05-26,aave-v3,13767329264
2026-05-27,aave-v3,13471490728
2026-05-28,aave-v3,13381381169
2026-05-29,aave-v3,13210325630
2026-05-30,aave-v3,13129204752
2026-05-31,aave-v3,13326197278
2026-06-01,aave-v3,13321699811
2026-06-02,aave-v3,13177806662
2026-06-03,aave-v3,12344846361
2026-06-04,aave-v3,12038657448
2026-06-05,aave-v3,12077282404
2026-06-06,aave-v3,11472366264
2026-06-07,aave-v3,11345083647
2026-06-08,aave-v3,11939503887
2026-06-09,aave-v3,11896541183
2026-06-10,aave-v3,11557464731
2026-06-11,aave-v3,11418337368
2026-06-12,aave-v3,11621020940
2026-06-13,aave-v3,11766097241
2026-06-14,aave-v3,11883145443
2026-06-15,aave-v3,12159586869
2026-06-15,aave-v3,12373730780
2025-06-17,compound-v3,2053681588
2025-06-18,compound-v3,2040877363
2025-06-19,compound-v3,2046483161
2025-06-20,compound-v3,2023565183
2025-06-21,compound-v3,1955383021
2025-06-22,compound-v3,1913214368
2025-06-23,compound-v3,1867852855
2025-06-24,compound-v3,1989871396
2025-06-25,compound-v3,2010490886
2025-06-26,compound-v3,2043496863
2025-06-27,compound-v3,2046361989
2025-06-28,compound-v3,2050620068
2025-06-29,compound-v3,2062031501
2025-06-30,compound-v3,2091306433
2025-07-01,compound-v3,2099630690
2025-07-02,compound-v3,2033736793
2025-07-03,compound-v3,2103026913
2025-07-04,compound-v3,2105786427
2025-07-05,compound-v3,2067672215
2025-07-06,compound-v3,2087127243
2025-07-07,compound-v3,2122970513
2025-07-08,compound-v3,2100925356
2025-07-09,compound-v3,2126115147
2025-07-10,compound-v3,2202353751
2025-07-11,compound-v3,2272544880
2025-07-12,compound-v3,2279050955
2025-07-13,compound-v3,2282561392
2025-07-14,compound-v3,2310260851
2025-07-15,compound-v3,2319173743
2025-07-16,compound-v3,2334878241
2025-07-17,compound-v3,2410806860
2025-07-18,compound-v3,2428806963
2025-07-19,compound-v3,2431630619
2025-07-20,compound-v3,2462455878
2025-07-21,compound-v3,2494848332
2025-07-22,compound-v3,2501612248
2025-07-23,compound-v3,2435583714
2025-07-24,compound-v3,2369026544
2025-07-25,compound-v3,2339536769
2025-07-26,compound-v3,2380732124
2025-07-27,compound-v3,2390131437
2025-07-28,compound-v3,2453961796
2025-07-29,compound-v3,2415170374
2025-07-30,compound-v3,2411001883
2025-07-31,compound-v3,2327404516
2025-08-01,compound-v3,2311231966
2025-08-02,compound-v3,2204518969
2025-08-03,compound-v3,2171784927
2025-08-04,compound-v3,2261047376
2025-08-05,compound-v3,2343970484
2025-08-06,compound-v3,2297678218
2025-08-07,compound-v3,2300027664
2025-08-08,compound-v3,2375944747
2025-08-09,compound-v3,2387915156
2025-08-10,compound-v3,2428962204
2025-08-11,compound-v3,2437418651
2025-08-12,compound-v3,2410552723
2025-08-13,compound-v3,2525719698
2025-08-14,compound-v3,2561517762
2025-08-15,compound-v3,2344296587
2025-08-16,compound-v3,2336005589
2025-08-17,compound-v3,2298532358
2025-08-18,compound-v3,2303886523
2025-08-19,compound-v3,2304113804
2025-08-20,compound-v3,2237695718
2025-08-21,compound-v3,2309090379
2025-08-22,compound-v3,2272435034
2025-08-23,compound-v3,2419594192
2025-08-24,compound-v3,2383343353
2025-08-25,compound-v3,2259921180
2025-08-26,compound-v3,2211838742
2025-08-27,compound-v3,2276617790
2025-08-28,compound-v3,2204612649
2025-08-29,compound-v3,2214743707
2025-08-30,compound-v3,2172352372
2025-08-31,compound-v3,2188179368
2025-09-01,compound-v3,2183070152
2025-09-02,compound-v3,2157805766
2025-09-03,compound-v3,2176861588
2025-09-04,compound-v3,2195350965
2025-09-05,compound-v3,2172141422
2025-09-06,compound-v3,2166806289
2025-09-07,compound-v3,2160180293
2025-09-08,compound-v3,2176544397
2025-09-09,compound-v3,2174919396
2025-09-10,compound-v3,2257384383
2025-09-11,compound-v3,2337054706
2025-09-12,compound-v3,2380682214
2025-09-13,compound-v3,2433111365
2025-09-14,compound-v3,2434334764
2025-09-15,compound-v3,2414533382
2025-09-16,compound-v3,2383618756
2025-09-17,compound-v3,2394120954
2025-09-18,compound-v3,2413340487
2025-09-19,compound-v3,2420899553
2025-09-20,compound-v3,2370766135
2025-09-21,compound-v3,2384443629
2025-09-22,compound-v3,2319062634
2025-09-23,compound-v3,2264270082
2025-09-24,compound-v3,2250857655
2025-09-25,compound-v3,2262095267
2025-09-26,compound-v3,2159540529
2025-09-27,compound-v3,2195358000
2025-09-28,compound-v3,2193421783
2025-09-29,compound-v3,2275904268
2025-09-30,compound-v3,2312033134
2025-10-01,compound-v3,2334266175
2025-10-02,compound-v3,2411108332
2025-10-03,compound-v3,2441047737
2025-10-04,compound-v3,2409596726
2025-10-05,compound-v3,2392971784
2025-10-06,compound-v3,2401192757
2025-10-07,compound-v3,2456129046
2025-10-08,compound-v3,2449052945
2025-10-09,compound-v3,2485546494
2025-10-10,compound-v3,2431141195
2025-10-11,compound-v3,2218976859
2025-10-12,compound-v3,2192431745
2025-10-13,compound-v3,2326256881
2025-10-14,compound-v3,2359033152
2025-10-15,compound-v3,2234361474
2025-10-16,compound-v3,2199980604
2025-10-17,compound-v3,2142885375
2025-10-18,compound-v3,2075014721
2025-10-19,compound-v3,2083583835
2025-10-20,compound-v3,2121041195
2025-10-21,compound-v3,2140021648
2025-10-22,compound-v3,2099403035
2025-10-23,compound-v3,2078027000
2025-10-24,compound-v3,2107567915
2025-10-25,compound-v3,2146476100
2025-10-26,compound-v3,2170520664
2025-10-27,compound-v3,2245052564
2025-10-28,compound-v3,2227721189
2025-10-29,compound-v3,2155889214
2025-10-30,compound-v3,2107215140
2025-10-31,compound-v3,2066735821
2025-11-01,compound-v3,2066643071
2025-11-02,compound-v3,2065839728
2025-11-03,compound-v3,2068152957
2025-11-04,compound-v3,1981194378
2025-11-05,compound-v3,1853685034
2025-11-06,compound-v3,1876512939
2025-11-07,compound-v3,1750957371
2025-11-08,compound-v3,1744386110
2025-11-09,compound-v3,1697465677
2025-11-10,compound-v3,1785277960
2025-11-11,compound-v3,1791154712
2025-11-12,compound-v3,1722184534
2025-11-13,compound-v3,1712189767
2025-11-14,compound-v3,1648878484
2025-11-15,compound-v3,1633997391
2025-11-16,compound-v3,1645727833
2025-11-17,compound-v3,1640315212
2025-11-18,compound-v3,1608271191
2025-11-19,compound-v3,1631030528
2025-11-20,compound-v3,1596494184
2025-11-21,compound-v3,1505480936
2025-11-22,compound-v3,1515626576
2025-11-23,compound-v3,1522097293
2025-11-24,compound-v3,1563644867
2025-11-25,compound-v3,1602078449
2025-11-26,compound-v3,1588231774
2025-11-27,compound-v3,1651672971
2025-11-28,compound-v3,1652437953
2025-11-29,compound-v3,1652314931
2025-11-30,compound-v3,1637352215
2025-12-01,compound-v3,1625337865
2025-12-02,compound-v3,1565457905
2025-12-03,compound-v3,1648666365
2025-12-04,compound-v3,1711838157
2025-12-05,compound-v3,1700940039
2025-12-06,compound-v3,1645326771
2025-12-07,compound-v3,1657489327
2025-12-08,compound-v3,1670006331
2025-12-09,compound-v3,1684395886
2025-12-10,compound-v3,1734717569
2025-12-11,compound-v3,1724220203
2025-12-12,compound-v3,1699371171
2025-12-13,compound-v3,1659116288
2025-12-14,compound-v3,1664588319
2025-12-15,compound-v3,1647093731
2025-12-16,compound-v3,1617588327
2025-12-17,compound-v3,1622288469
2025-12-18,compound-v3,1590647824
2025-12-19,compound-v3,1561334022
2025-12-20,compound-v3,1627099327
2025-12-21,compound-v3,1632424915
2025-12-22,compound-v3,1650069996
2025-12-23,compound-v3,1649046881
2025-12-24,compound-v3,1633183275
2025-12-25,compound-v3,1633609521
2025-12-26,compound-v3,1622237978
2025-12-27,compound-v3,1620486447
2025-12-28,compound-v3,1627256387
2025-12-29,compound-v3,1636130041
2025-12-30,compound-v3,1611067922
2025-12-31,compound-v3,1625585517
2026-01-01,compound-v3,1635925240
2026-01-02,compound-v3,1630445222
2026-01-03,compound-v3,1675456460
2026-01-04,compound-v3,1684318870
2026-01-05,compound-v3,1693186824
2026-01-06,compound-v3,1732207760
2026-01-07,compound-v3,1763816947
2026-01-08,compound-v3,1717832781
2026-01-09,compound-v3,1698694354
2026-01-10,compound-v3,1685181446
2026-01-11,compound-v3,1688936411
2026-01-12,compound-v3,1705881581
2026-01-13,compound-v3,1702673562
2026-01-14,compound-v3,1785284302
2026-01-15,compound-v3,1802838627
2026-01-16,compound-v3,1784456230
2026-01-17,compound-v3,1776242097
2026-01-18,compound-v3,1781216943
2026-01-19,compound-v3,1735351423
2026-01-20,compound-v3,1728488824
2026-01-21,compound-v3,1638625767
2026-01-22,compound-v3,1658754542
2026-01-23,compound-v3,1638188142
2026-01-24,compound-v3,1629774670
2026-01-25,compound-v3,1628849555
2026-01-26,compound-v3,1572682273
2026-01-27,compound-v3,1616830314
2026-01-28,compound-v3,1631059468
2026-01-29,compound-v3,1639520649
2026-01-30,compound-v3,1559144692
2026-01-31,compound-v3,1504427818
2026-02-01,compound-v3,1440931913
2026-02-02,compound-v3,1379726368
2026-02-03,compound-v3,1370448711
2026-02-04,compound-v3,1307742313
2026-02-05,compound-v3,1287721406
2026-02-06,compound-v3,1135334931
2026-02-07,compound-v3,1286931838
2026-02-08,compound-v3,1298445300
2026-02-09,compound-v3,1313603738
2026-02-10,compound-v3,1310206478
2026-02-11,compound-v3,1277465948
2026-02-12,compound-v3,1236747799
2026-02-13,compound-v3,1220552403
2026-02-14,compound-v3,1270507557
2026-02-15,compound-v3,1279999244
2026-02-16,compound-v3,1255476531
2026-02-17,compound-v3,1260331893
2026-02-18,compound-v3,1248673598
2026-02-19,compound-v3,1241686159
2026-02-20,compound-v3,1246443175
2026-02-21,compound-v3,1259259061
2026-02-22,compound-v3,1253648322
2026-02-23,compound-v3,1244132836
2026-02-24,compound-v3,1201349664
2026-02-25,compound-v3,1196657478
2026-02-26,compound-v3,1295944050
2026-02-27,compound-v3,1314640229
2026-02-28,compound-v3,1278179872
2026-03-01,compound-v3,1288695634
2026-03-02,compound-v3,1261342726
2026-03-03,compound-v3,1291989544
2026-03-04,compound-v3,1264957166
2026-03-05,compound-v3,1340911323
2026-03-06,compound-v3,1306638746
2026-03-07,compound-v3,1269317545
2026-03-08,compound-v3,1278303793
2026-03-09,compound-v3,1265381517
2026-03-10,compound-v3,1272230142
2026-03-11,compound-v3,1295552999
2026-03-12,compound-v3,1292301581
2026-03-13,compound-v3,1314063453
2026-03-14,compound-v3,1299000260
2026-03-15,compound-v3,1339970355
2026-03-16,compound-v3,1373508866
2026-03-17,compound-v3,1420346061
2026-03-18,compound-v3,1406139789
2026-03-19,compound-v3,1339455471
2026-03-20,compound-v3,1301447921
2026-03-21,compound-v3,1289409270
2026-03-22,compound-v3,1257981460
2026-03-23,compound-v3,1241378571
2026-03-24,compound-v3,1309031848
2026-03-25,compound-v3,1312621552
2026-03-26,compound-v3,1312648427
2026-03-27,compound-v3,1275009243
2026-03-28,compound-v3,1239674864
2026-03-29,compound-v3,1241696833
2026-03-30,compound-v3,1238310164
2026-03-31,compound-v3,1244793000
2026-04-01,compound-v3,1276058116
2026-04-02,compound-v3,1289780331
2026-04-03,compound-v3,1252874779
2026-04-04,compound-v3,1254846208
2026-04-05,compound-v3,1259018505
2026-04-06,compound-v3,1287309978
2026-04-07,compound-v3,1279902282
2026-04-08,compound-v3,1336890829
2026-04-09,compound-v3,1309102816
2026-04-10,compound-v3,1315250170
2026-04-11,compound-v3,1341691169
2026-04-12,compound-v3,1355676960
2026-04-13,compound-v3,1312982233
2026-04-14,compound-v3,1390558923
2026-04-15,compound-v3,1370147126
2026-04-16,compound-v3,1385206424
2026-04-17,compound-v3,1419450970
2026-04-18,compound-v3,1454345923
2026-04-19,compound-v3,1423668169
2026-04-20,compound-v3,1375477904
2026-04-21,compound-v3,1397610269
2026-04-22,compound-v3,1382167123
2026-04-23,compound-v3,1390022905
2026-04-24,compound-v3,1409201082
2026-04-25,compound-v3,1390148163
2026-04-26,compound-v3,1365112395
2026-04-27,compound-v3,1356940900
2026-04-28,compound-v3,1314014203
2026-04-29,compound-v3,1308244909
2026-04-30,compound-v3,1296555832
2026-05-01,compound-v3,1300075759
2026-05-02,compound-v3,1327135756
2026-05-03,compound-v3,1327737048
2026-05-04,compound-v3,1324372857
2026-05-05,compound-v3,1337684137
2026-05-06,compound-v3,1321082226
2026-05-07,compound-v3,1315536734
2026-05-08,compound-v3,1282212694
2026-05-09,compound-v3,1293988574
2026-05-10,compound-v3,1295282686
2026-05-11,compound-v3,1314221194
2026-05-12,compound-v3,1305713364
2026-05-13,compound-v3,1287713628
2026-05-14,compound-v3,1272660623
2026-05-15,compound-v3,1304197669
2026-05-16,compound-v3,1271185747
2026-05-17,compound-v3,1253788422
2026-05-18,compound-v3,1224477212
2026-05-19,compound-v3,1230034836
2026-05-20,compound-v3,1222200670
2026-05-21,compound-v3,1229369024
2026-05-22,compound-v3,1230787556
2026-05-23,compound-v3,1208456169
2026-05-24,compound-v3,1229870990
2026-05-25,compound-v3,1229410597
2026-05-26,compound-v3,1230950288
2026-05-27,compound-v3,1215853680
2026-05-28,compound-v3,1198612516
2026-05-29,compound-v3,1184909282
2026-05-30,compound-v3,1182360450
2026-05-31,compound-v3,1192860046
2026-06-01,compound-v3,1185423835
2026-06-02,compound-v3,1166613058
2026-06-03,compound-v3,1104090471
2026-06-04,compound-v3,1078593935
2026-06-05,compound-v3,1067343682
2026-06-06,compound-v3,1005478116
2026-06-07,compound-v3,996498579
2026-06-08,compound-v3,1041977418
2026-06-09,compound-v3,1029582166
2026-06-10,compound-v3,1018603737
2026-06-11,compound-v3,1026149662
2026-06-12,compound-v3,1058465530
2026-06-13,compound-v3,1053769570
2026-06-14,compound-v3,1065491711
2026-06-15,compound-v3,1083395193
2026-06-15,compound-v3,1102916421
2025-06-17,curve-dex,1905210465
2025-06-18,curve-dex,1893190836
2025-06-19,curve-dex,1908955801
2025-06-20,curve-dex,1910060387
2025-06-21,curve-dex,1882229180
2025-06-22,curve-dex,1844117080
2025-06-23,curve-dex,1831940567
2025-06-24,curve-dex,1878136402
2025-06-25,curve-dex,1880343120
2025-06-26,curve-dex,1877905872
2025-06-27,curve-dex,1829935420
2025-06-28,curve-dex,1826246687
2025-06-29,curve-dex,1828125012
2025-06-30,curve-dex,1848084120
2025-07-01,curve-dex,1833570069
2025-07-02,curve-dex,1800544517
2025-07-03,curve-dex,1845114679
2025-07-04,curve-dex,1857753289
2025-07-05,curve-dex,1840280115
2025-07-06,curve-dex,1843395141
2025-07-07,curve-dex,1858524319
2025-07-08,curve-dex,1841804311
2025-07-09,curve-dex,1857847867
2025-07-10,curve-dex,1912487045
2025-07-11,curve-dex,1970822252
2025-07-12,curve-dex,1993422139
2025-07-13,curve-dex,1993890341
2025-07-14,curve-dex,2006658613
2025-07-15,curve-dex,2022202222
2025-07-16,curve-dex,2053546152
2025-07-17,curve-dex,2113752683
2025-07-18,curve-dex,2166990947
2025-07-19,curve-dex,2178605771
2025-07-20,curve-dex,2192552824
2025-07-21,curve-dex,2234173642
2025-07-22,curve-dex,2233508142
2025-07-23,curve-dex,2221455826
2025-07-24,curve-dex,2178421296
2025-07-25,curve-dex,2161290685
2025-07-26,curve-dex,2187402998
2025-07-27,curve-dex,2211615767
2025-07-28,curve-dex,2240478221
2025-07-29,curve-dex,2184157605
2025-07-30,curve-dex,2170713554
2025-07-31,curve-dex,2177219226
2025-08-01,curve-dex,2153317247
2025-08-02,curve-dex,2120181455
2025-08-03,curve-dex,2096510598
2025-08-04,curve-dex,2136192133
2025-08-05,curve-dex,2172775704
2025-08-06,curve-dex,2163707876
2025-08-07,curve-dex,2164774626
2025-08-08,curve-dex,2259407594
2025-08-09,curve-dex,2294346282
2025-08-10,curve-dex,2352802271
2025-08-11,curve-dex,2352386803
2025-08-12,curve-dex,2344633137
2025-08-13,curve-dex,2422088956
2025-08-14,curve-dex,2455146409
2025-08-15,curve-dex,2414481664
2025-08-16,curve-dex,2376783993
2025-08-17,curve-dex,2376468020
2025-08-18,curve-dex,2371597907
2025-08-19,curve-dex,2321994324
2025-08-20,curve-dex,2270937995
2025-08-21,curve-dex,2098868848
2025-08-22,curve-dex,2072327039
2025-08-23,curve-dex,2156909696
2025-08-24,curve-dex,2163184579
2025-08-25,curve-dex,2154315852
2025-08-26,curve-dex,2075306168
2025-08-27,curve-dex,2095867718
2025-08-28,curve-dex,2081793418
2025-08-29,curve-dex,2072775833
2025-08-30,curve-dex,2038912026
2025-08-31,curve-dex,2038713247
2025-09-01,curve-dex,2037075054
2025-09-02,curve-dex,2023148448
2025-09-03,curve-dex,2035390437
2025-09-04,curve-dex,2047092958
2025-09-05,curve-dex,2016194333
2025-09-06,curve-dex,2020265194
2025-09-07,curve-dex,1996168809
2025-09-08,curve-dex,1998804819
2025-09-09,curve-dex,1999512724
2025-09-10,curve-dex,1985920719
2025-09-11,curve-dex,2008873203
2025-09-12,curve-dex,2031994560
2025-09-13,curve-dex,2072499515
2025-09-14,curve-dex,2075986090
2025-09-15,curve-dex,2053561884
2025-09-16,curve-dex,2031988368
2025-09-17,curve-dex,2035261840
2025-09-18,curve-dex,2044087878
2025-09-19,curve-dex,2051748625
2025-09-20,curve-dex,2028872806
2025-09-21,curve-dex,2024960131
2025-09-22,curve-dex,1999781265
2025-09-23,curve-dex,1965946648
2025-09-24,curve-dex,1964628664
2025-09-25,curve-dex,1961026462
2025-09-26,curve-dex,1913479782
2025-09-27,curve-dex,1930411908
2025-09-28,curve-dex,1928866810
2025-09-29,curve-dex,1961942104
2025-09-30,curve-dex,2021318936
2025-10-01,curve-dex,2032472733
2025-10-02,curve-dex,2094596383
2025-10-03,curve-dex,2190573771
2025-10-04,curve-dex,2230371612
2025-10-05,curve-dex,2214581519
2025-10-06,curve-dex,2221852669
2025-10-07,curve-dex,2266385566
2025-10-08,curve-dex,2237779650
2025-10-09,curve-dex,2243940310
2025-10-10,curve-dex,2230903403
2025-10-11,curve-dex,2072894853
2025-10-12,curve-dex,2027566902
2025-10-13,curve-dex,2107699550
2025-10-14,curve-dex,2124052963
2025-10-15,curve-dex,2321222403
2025-10-16,curve-dex,2300547830
2025-10-17,curve-dex,2266812437
2025-10-18,curve-dex,2292741026
2025-10-19,curve-dex,2307537737
2025-10-20,curve-dex,2329116263
2025-10-21,curve-dex,2336162920
2025-10-22,curve-dex,2304815237
2025-10-23,curve-dex,2284570852
2025-10-24,curve-dex,2288632976
2025-10-25,curve-dex,2293232354
2025-10-26,curve-dex,2288867525
2025-10-27,curve-dex,2327661358
2025-10-28,curve-dex,2313196550
2025-10-29,curve-dex,2279585310
2025-10-30,curve-dex,2279980093
2025-10-31,curve-dex,2256482156
2025-11-01,curve-dex,2266036685
2025-11-02,curve-dex,2299228041
2025-11-03,curve-dex,2296926578
2025-11-04,curve-dex,2208125412
2025-11-05,curve-dex,2117851262
2025-11-06,curve-dex,2118855119
2025-11-07,curve-dex,2075631972
2025-11-08,curve-dex,2093691322
2025-11-09,curve-dex,2087914447
2025-11-10,curve-dex,2141776042
2025-11-11,curve-dex,2138621081
2025-11-12,curve-dex,2097486758
2025-11-13,curve-dex,2081999119
2025-11-14,curve-dex,2058517625
2025-11-15,curve-dex,2029369677
2025-11-16,curve-dex,2028344202
2025-11-17,curve-dex,2010972056
2025-11-18,curve-dex,1989478819
2025-11-19,curve-dex,2002324942
2025-11-20,curve-dex,1978142792
2025-11-21,curve-dex,1945641324
2025-11-22,curve-dex,1913960564
2025-11-23,curve-dex,1918008217
2025-11-24,curve-dex,1926503069
2025-11-25,curve-dex,1956513229
2025-11-26,curve-dex,1965803315
2025-11-27,curve-dex,1986146802
2025-11-28,curve-dex,1992523670
2025-11-29,curve-dex,1993344689
2025-11-30,curve-dex,2011288362
2025-12-01,curve-dex,2014793294
2025-12-02,curve-dex,2008929871
2025-12-03,curve-dex,2070025002
2025-12-04,curve-dex,2139036340
2025-12-05,curve-dex,2124435303
2025-12-06,curve-dex,2105507871
2025-12-07,curve-dex,2109894277
2025-12-08,curve-dex,2114734086
2025-12-09,curve-dex,2125441194
2025-12-10,curve-dex,2146802337
2025-12-11,curve-dex,2138065433
2025-12-12,curve-dex,2138588517
2025-12-13,curve-dex,2227401027
2025-12-14,curve-dex,2230812902
2025-12-15,curve-dex,2215151009
2025-12-16,curve-dex,2191991739
2025-12-17,curve-dex,2193277033
2025-12-18,curve-dex,2170915030
2025-12-19,curve-dex,2153640793
2025-12-20,curve-dex,2181372627
2025-12-21,curve-dex,2177157568
2025-12-22,curve-dex,2179221887
2025-12-23,curve-dex,2173859575
2025-12-24,curve-dex,2145234668
2025-12-25,curve-dex,2138769171
2025-12-26,curve-dex,2130808528
2025-12-27,curve-dex,2134810432
2025-12-28,curve-dex,2137756437
2025-12-29,curve-dex,2140329300
2025-12-30,curve-dex,2102588644
2025-12-31,curve-dex,2107699355
2026-01-01,curve-dex,2057642588
2026-01-02,curve-dex,2061894652
2026-01-03,curve-dex,2094769051
2026-01-04,curve-dex,2106681946
2026-01-05,curve-dex,2113603972
2026-01-06,curve-dex,2145583791
2026-01-07,curve-dex,2147482075
2026-01-08,curve-dex,2162038050
2026-01-09,curve-dex,2167953217
2026-01-10,curve-dex,2152660796
2026-01-11,curve-dex,2147253473
2026-01-12,curve-dex,2153284349
2026-01-13,curve-dex,2160591535
2026-01-14,curve-dex,2205737646
2026-01-15,curve-dex,2207050079
2026-01-16,curve-dex,2212824094
2026-01-17,curve-dex,2199842984
2026-01-18,curve-dex,2194733923
2026-01-19,curve-dex,2177220024
2026-01-20,curve-dex,2158145966
2026-01-21,curve-dex,2060010455
2026-01-22,curve-dex,2066481283
2026-01-23,curve-dex,2061657688
2026-01-24,curve-dex,2067578545
2026-01-25,curve-dex,2054912474
2026-01-26,curve-dex,2026451753
2026-01-27,curve-dex,2047935827
2026-01-28,curve-dex,2071719824
2026-01-29,curve-dex,2070609227
2026-01-30,curve-dex,2004824636
2026-01-31,curve-dex,1990454918
2026-02-01,curve-dex,1939783257
2026-02-02,curve-dex,1891663518
2026-02-03,curve-dex,1904471278
2026-02-04,curve-dex,1878132066
2026-02-05,curve-dex,1881561246
2026-02-06,curve-dex,1747559138
2026-02-07,curve-dex,1838195095
2026-02-08,curve-dex,1843568231
2026-02-09,curve-dex,1853449090
2026-02-10,curve-dex,1856432577
2026-02-11,curve-dex,1852855978
2026-02-12,curve-dex,1852384051
2026-02-13,curve-dex,1851648437
2026-02-14,curve-dex,1901132662
2026-02-15,curve-dex,1917326173
2026-02-16,curve-dex,1894059596
2026-02-17,curve-dex,1897553469
2026-02-18,curve-dex,1887991736
2026-02-19,curve-dex,1878695056
2026-02-20,curve-dex,1887624870
2026-02-21,curve-dex,1901818508
2026-02-22,curve-dex,1904086066
2026-02-23,curve-dex,1899896916
2026-02-24,curve-dex,1873618797
2026-02-25,curve-dex,1855859564
2026-02-26,curve-dex,1926236507
2026-02-27,curve-dex,1906447770
2026-02-28,curve-dex,1889305872
2026-03-01,curve-dex,1896919672
2026-03-02,curve-dex,1881870659
2026-03-03,curve-dex,1873535103
2026-03-04,curve-dex,1850506566
2026-03-05,curve-dex,1868548914
2026-03-06,curve-dex,1847548606
2026-03-07,curve-dex,1815680228
2026-03-08,curve-dex,1811690501
2026-03-09,curve-dex,1797127008
2026-03-10,curve-dex,1820955293
2026-03-11,curve-dex,1825509514
2026-03-12,curve-dex,1832919548
2026-03-13,curve-dex,1848650698
2026-03-14,curve-dex,1850435526
2026-03-15,curve-dex,1843721214
2026-03-16,curve-dex,1860401245
2026-03-17,curve-dex,1896220808
2026-03-18,curve-dex,1884875950
2026-03-19,curve-dex,1861738678
2026-03-20,curve-dex,1846535159
2026-03-21,curve-dex,1852130521
2026-03-22,curve-dex,1834756782
2026-03-23,curve-dex,1809218234
2026-03-24,curve-dex,1841069115
2026-03-25,curve-dex,1841968027
2026-03-26,curve-dex,1839181595
2026-03-27,curve-dex,1799922541
2026-03-28,curve-dex,1765325274
2026-03-29,curve-dex,1766729617
2026-03-30,curve-dex,1763471909
2026-03-31,curve-dex,1775527801
2026-04-01,curve-dex,1792309949
2026-04-02,curve-dex,1800033627
2026-04-03,curve-dex,1781496121
2026-04-04,curve-dex,1775024518
2026-04-05,curve-dex,1775479444
2026-04-06,curve-dex,1794790579
2026-04-07,curve-dex,1790100613
2026-04-08,curve-dex,1810526761
2026-04-09,curve-dex,1813516881
2026-04-10,curve-dex,1815634205
2026-04-11,curve-dex,1813298420
2026-04-12,curve-dex,1820255563
2026-04-13,curve-dex,1797751627
2026-04-14,curve-dex,1833283343
2026-04-15,curve-dex,1840101757
2026-04-16,curve-dex,1843404667
2026-04-17,curve-dex,1843474938
2026-04-18,curve-dex,1859814777
2026-04-19,curve-dex,1800181842
2026-04-20,curve-dex,1759616312
2026-04-21,curve-dex,1764237750
2026-04-22,curve-dex,1766753044
2026-04-23,curve-dex,1719488495
2026-04-24,curve-dex,1720684162
2026-04-25,curve-dex,1722624704
2026-04-26,curve-dex,1721329530
2026-04-27,curve-dex,1734054142
2026-04-28,curve-dex,1724316846
2026-04-29,curve-dex,1721257546
2026-04-30,curve-dex,1715355639
2026-05-01,curve-dex,1720192111
2026-05-02,curve-dex,1736328074
2026-05-03,curve-dex,1733445519
2026-05-04,curve-dex,1731952552
2026-05-05,curve-dex,1718274604
2026-05-06,curve-dex,1720046985
2026-05-07,curve-dex,1724983062
2026-05-08,curve-dex,1697985329
2026-05-09,curve-dex,1668676468
2026-05-10,curve-dex,1687474367
2026-05-11,curve-dex,1718896193
2026-05-12,curve-dex,1717996308
2026-05-13,curve-dex,1696576244
2026-05-14,curve-dex,1685722558
2026-05-15,curve-dex,1698501825
2026-05-16,curve-dex,1705794937
2026-05-17,curve-dex,1688754649
2026-05-18,curve-dex,1677862449
2026-05-19,curve-dex,1678289906
2026-05-20,curve-dex,1666686371
2026-05-21,curve-dex,1672696902
2026-05-22,curve-dex,1667186137
2026-05-23,curve-dex,1642178984
2026-05-24,curve-dex,1658828082
2026-05-25,curve-dex,1659432869
2026-05-26,curve-dex,1649929558
2026-05-27,curve-dex,1633109671
2026-05-28,curve-dex,1616849920
2026-05-29,curve-dex,1610009590
2026-05-30,curve-dex,1606838352
2026-05-31,curve-dex,1602010873
2026-06-01,curve-dex,1605004018
2026-06-02,curve-dex,1589226115
2026-06-03,curve-dex,1541327864
2026-06-04,curve-dex,1521186140
2026-06-05,curve-dex,1495098547
2026-06-06,curve-dex,1427879583
2026-06-07,curve-dex,1421817437
2026-06-08,curve-dex,1448720195
2026-06-09,curve-dex,1446332463
2026-06-10,curve-dex,1430099112
2026-06-11,curve-dex,1431422613
2026-06-12,curve-dex,1446223731
2026-06-13,curve-dex,1437784698
2026-06-14,curve-dex,1444003841
2026-06-15,curve-dex,1451072521
2026-06-15,curve-dex,1465693178
2025-06-17,lido,23142194565
2025-06-18,lido,22961965706
2025-06-19,lido,22994614748
2025-06-20,lido,23109878112
2025-06-21,lido,21990069339
2025-06-22,lido,20562258014
2025-06-23,lido,20603792260
2025-06-24,lido,22220070689
2025-06-25,lido,22403447692
2025-06-26,lido,22156514883
2025-06-27,lido,22051279578
2025-06-28,lido,22047490228
2025-06-29,lido,22216234181
2025-06-30,lido,22776902359
2025-07-01,lido,22710642481
2025-07-02,lido,21935554385
2025-07-03,lido,23458588779
2025-07-04,lido,23612901179
2025-07-05,lido,22925583275
2025-07-06,lido,22922721559
2025-07-07,lido,23413166529
2025-07-08,lido,23188714479
2025-07-09,lido,23869512664
2025-07-10,lido,25283949974
2025-07-11,lido,26812777918
2025-07-12,lido,27014373324
2025-07-13,lido,26909911377
2025-07-14,lido,27079258987
2025-07-15,lido,27557561438
2025-07-16,lido,28618315633
2025-07-17,lido,30867121166
2025-07-18,lido,31765191334
2025-07-19,lido,32386910824
2025-07-20,lido,32667909107
2025-07-21,lido,34050356452
2025-07-22,lido,34374039965
2025-07-23,lido,34019620157
2025-07-24,lido,33073008373
2025-07-25,lido,32873395352
2025-07-26,lido,33602188907
2025-07-27,lido,33897495501
2025-07-28,lido,34813073588
2025-07-29,lido,34197750262
2025-07-30,lido,33972965395
2025-07-31,lido,34143656347
2025-08-01,lido,33144849657
2025-08-02,lido,31315680777
2025-08-03,lido,30451987350
2025-08-04,lido,31297917189
2025-08-05,lido,32850119959
2025-08-06,lido,31943280242
2025-08-07,lido,32707070293
2025-08-08,lido,34757959573
2025-08-09,lido,35680292925
2025-08-10,lido,38174275100
2025-08-11,lido,37774675596
2025-08-12,lido,37553393535
2025-08-13,lido,40846502922
2025-08-14,lido,41996380123
2025-08-15,lido,40466700881
2025-08-16,lido,39543558254
2025-08-17,lido,39044363361
2025-08-18,lido,39271348851
2025-08-19,lido,38140766274
2025-08-20,lido,36237168339
2025-08-21,lido,38337346198
2025-08-22,lido,37500398830
2025-08-23,lido,42520243901
2025-08-24,lido,42048201995
2025-08-25,lido,41095111623
2025-08-26,lido,38353234496
2025-08-27,lido,40180740353
2025-08-28,lido,39514578742
2025-08-29,lido,39472356822
2025-08-30,lido,38081925572
2025-08-31,lido,38449491207
2025-09-01,lido,38441349946
2025-09-02,lido,37440868326
2025-09-03,lido,37443404616
2025-09-04,lido,38859993231
2025-09-05,lido,37401245701
2025-09-06,lido,37566525756
2025-09-07,lido,37121091517
2025-09-08,lido,37476831564
2025-09-09,lido,37289515156
2025-09-10,lido,37408519738
2025-09-11,lido,37554680642
2025-09-12,lido,38563734898
2025-09-13,lido,40551405872
2025-09-14,lido,40228472823
2025-09-15,lido,39734945808
2025-09-16,lido,38937975267
2025-09-17,lido,38782956799
2025-09-18,lido,39660668762
2025-09-19,lido,39502273515
2025-09-20,lido,38381071426
2025-09-21,lido,38370729354
2025-09-22,lido,37372718265
2025-09-23,lido,35924947593
2025-09-24,lido,35605657808
2025-09-25,lido,35513492048
2025-09-26,lido,33299962934
2025-09-27,lido,35021212393
2025-09-28,lido,34462033315
2025-09-29,lido,35430611177
2025-09-30,lido,36006915312
2025-10-01,lido,35406427268
2025-10-02,lido,37080272912
2025-10-03,lido,38230648376
2025-10-04,lido,38383850159
2025-10-05,lido,38286940686
2025-10-06,lido,38547018514
2025-10-07,lido,39927385613
2025-10-08,lido,38027129060
2025-10-09,lido,38582334275
2025-10-10,lido,37156434409
2025-10-11,lido,32903697855
2025-10-12,lido,31865313101
2025-10-13,lido,35360768886
2025-10-14,lido,36060987752
2025-10-15,lido,34754797743
2025-10-16,lido,33839877600
2025-10-17,lido,33314779989
2025-10-18,lido,32621313470
2025-10-19,lido,33028481181
2025-10-20,lido,33840526902
2025-10-21,lido,33749508412
2025-10-22,lido,32856301516
2025-10-23,lido,32379983381
2025-10-24,lido,32736909558
2025-10-25,lido,33820417575
2025-10-26,lido,33946530563
2025-10-27,lido,35822389252
2025-10-28,lido,35367869568
2025-10-29,lido,34265831930
2025-10-30,lido,33631549660
2025-10-31,lido,32634669745
2025-11-01,lido,33122172813
2025-11-02,lido,33200889327
2025-11-03,lido,33101166826
2025-11-04,lido,30889305235
2025-11-05,lido,28288390752
2025-11-06,lido,29527626256
2025-11-07,lido,28742486566
2025-11-08,lido,29629451403
2025-11-09,lido,29339506059
2025-11-10,lido,31343080912
2025-11-11,lido,30721585865
2025-11-12,lido,29513724269
2025-11-13,lido,29456160632
2025-11-14,lido,27574485533
2025-11-15,lido,27114350510
2025-11-16,lido,27392520883
2025-11-17,lido,26923026340
2025-11-18,lido,26141620431
2025-11-19,lido,26624796649
2025-11-20,lido,26105966390
2025-11-21,lido,24645798345
2025-11-22,lido,23881095913
2025-11-23,lido,24057154724
2025-11-24,lido,24211648588
2025-11-25,lido,25377356235
2025-11-26,lido,25520309102
2025-11-27,lido,26037888453
2025-11-28,lido,26050087951
2025-11-29,lido,26200613956
2025-11-30,lido,25882628596
2025-12-01,lido,25788980108
2025-12-02,lido,24184394859
2025-12-03,lido,25967421077
2025-12-04,lido,27658243253
2025-12-05,lido,27100328126
2025-12-06,lido,26141320479
2025-12-07,lido,26339685200
2025-12-08,lido,26510765126
2025-12-09,lido,27315525174
2025-12-10,lido,29048323130
2025-12-11,lido,29040122551
2025-12-12,lido,28360668737
2025-12-13,lido,27017964206
2025-12-14,lido,27328348243
2025-12-15,lido,26969933558
2025-12-16,lido,26040051674
2025-12-17,lido,25931483877
2025-12-18,lido,24863479799
2025-12-19,lido,24834807142
2025-12-20,lido,26100119862
2025-12-21,lido,26089173880
2025-12-22,lido,26542091330
2025-12-23,lido,26415569672
2025-12-24,lido,26004751520
2025-12-25,lido,25867664909
2025-12-26,lido,25665780433
2025-12-27,lido,25728454954
2025-12-28,lido,25873869987
2025-12-29,lido,25950070625
2025-12-30,lido,25810834242
2025-12-31,lido,26091672725
2026-01-01,lido,26203169488
2026-01-02,lido,26477778323
2026-01-03,lido,27667195525
2026-01-04,lido,27794390579
2026-01-05,lido,27887010135
2026-01-06,lido,28422227166
2026-01-07,lido,28947240293
2026-01-08,lido,28081124611
2026-01-09,lido,27667339617
2026-01-10,lido,27489301646
2026-01-11,lido,27477892018
2026-01-12,lido,27818256501
2026-01-13,lido,27603662635
2026-01-14,lido,29713729061
2026-01-15,lido,29816023320
2026-01-16,lido,29633488380
2026-01-17,lido,29462348444
2026-01-18,lido,29693261082
2026-01-19,lido,28982804284
2026-01-20,lido,29074391063
2026-01-21,lido,26926177671
2026-01-22,lido,27528984249
2026-01-23,lido,27508988372
2026-01-24,lido,27635076733
2026-01-25,lido,27641753018
2026-01-26,lido,26649771928
2026-01-27,lido,27495401950
2026-01-28,lido,28551817399
2026-01-29,lido,28543082749
2026-01-30,lido,27049924851
2026-01-31,lido,25945545528
2026-02-01,lido,23722662579
2026-02-02,lido,22124035742
2026-02-03,lido,22422901673
2026-02-04,lido,21432785743
2026-02-05,lido,20578432033
2026-02-06,lido,17021668592
2026-02-07,lido,19744031006
2026-02-08,lido,19976782143
2026-02-09,lido,19929141311
2026-02-10,lido,20115342366
2026-02-11,lido,19397045120
2026-02-12,lido,18629554631
2026-02-13,lido,18594744318
2026-02-14,lido,19571083055
2026-02-15,lido,19886517559
2026-02-16,lido,18701008432
2026-02-17,lido,18946769414
2026-02-18,lido,18904869556
2026-02-19,lido,18526525601
2026-02-20,lido,18469475515
2026-02-21,lido,18639761626
2026-02-22,lido,18695553919
2026-02-23,lido,18494244937
2026-02-24,lido,17590287119
2026-02-25,lido,17484371341
2026-02-26,lido,19396423891
2026-02-27,lido,19114056392
2026-02-28,lido,18174505188
2026-03-01,lido,18456216069
2026-03-02,lido,18299842898
2026-03-03,lido,19117128438
2026-03-04,lido,18499092314
2026-03-05,lido,19762266803
2026-03-06,lido,19189911209
2026-03-07,lido,18277609683
2026-03-08,lido,18193395444
2026-03-09,lido,17978656961
2026-03-10,lido,18473289181
2026-03-11,lido,18836554697
2026-03-12,lido,18944391298
2026-03-13,lido,19347154063
2026-03-14,lido,19259126693
2026-03-15,lido,19213325544
2026-03-16,lido,19946945318
2026-03-17,lido,21663118328
2026-03-18,lido,21345683804
2026-03-19,lido,20389041084
2026-03-20,lido,19738092918
2026-03-21,lido,19778104090
2026-03-22,lido,19135445843
2026-03-23,lido,18855135858
2026-03-24,lido,19697635615
2026-03-25,lido,19864241938
2026-03-26,lido,19875845066
2026-03-27,lido,18827443963
2026-03-28,lido,18311443686
2026-03-29,lido,18328731186
2026-03-30,lido,18235284778
2026-03-31,lido,18609641628
2026-04-01,lido,19385379185
2026-04-02,lido,19784016607
2026-04-03,lido,19014927904
2026-04-04,lido,19047673754
2026-04-05,lido,19193132001
2026-04-06,lido,19795123847
2026-04-07,lido,19737038477
2026-04-08,lido,20901391598
2026-04-09,lido,20469602429
2026-04-10,lido,20647874307
2026-04-11,lido,21076937862
2026-04-12,lido,21484367870
2026-04-13,lido,20779074593
2026-04-14,lido,22370824465
2026-04-15,lido,22012225671
2026-04-16,lido,22264434722
2026-04-17,lido,22101841329
2026-04-18,lido,22816462859
2026-04-19,lido,22143077220
2026-04-20,lido,21401249344
2026-04-21,lido,21833714841
2026-04-22,lido,21801017652
2026-04-23,lido,22211076930
2026-04-24,lido,21871793896
2026-04-25,lido,21684192309
2026-04-26,lido,21656804884
2026-04-27,lido,22160224251
2026-04-28,lido,21546181742
2026-04-29,lido,21361830662
2026-04-30,lido,20915932502
2026-05-01,lido,20612767051
2026-05-02,lido,20823231009
2026-05-03,lido,21024351160
2026-05-04,lido,21072424497
2026-05-05,lido,21304100288
2026-05-06,lido,21413858435
2026-05-07,lido,21205758245
2026-05-08,lido,20239417960
2026-05-09,lido,20376089786
2026-05-10,lido,20466751510
2026-05-11,lido,20755130633
2026-05-12,lido,20495733191
2026-05-13,lido,20015760669
2026-05-14,lido,19810253674
2026-05-15,lido,20045016403
2026-05-16,lido,19515486957
2026-05-17,lido,19275178512
2026-05-18,lido,18730971917
2026-05-19,lido,18897816391
2026-05-20,lido,18720266657
2026-05-21,lido,18863103053
2026-05-22,lido,18860928751
2026-05-23,lido,18313879753
2026-05-24,lido,18762899492
2026-05-25,lido,18658829964
2026-05-26,lido,18661365881
2026-05-27,lido,18409014218
2026-05-28,lido,17955088381
2026-05-29,lido,17830570086
2026-05-30,lido,17883643782
2026-05-31,lido,17907241355
2026-06-01,lido,17842130993
2026-06-02,lido,17710978378
2026-06-03,lido,16512312232
2026-06-04,lido,16088792001
2026-06-05,lido,15697048335
2026-06-06,lido,14231325135
2026-06-07,lido,13901377303
2026-06-08,lido,15088870102
2026-06-09,lido,14829323500
2026-06-10,lido,14612225997
2026-06-11,lido,14454752476
2026-06-12,lido,14955044735
2026-06-13,lido,14853574590
2026-06-14,lido,14981948648
2026-06-15,lido,15510057236
2026-06-15,lido,15966343971
2025-06-17,makerdao,4771277612
2025-06-18,makerdao,4778324597
2025-06-19,makerdao,4969476782
2025-06-20,makerdao,5019863227
2025-06-21,makerdao,4896528317
2025-06-22,makerdao,4781856070
2025-06-23,makerdao,4670179981
2025-06-24,makerdao,4864710835
2025-06-25,makerdao,4946826276
2025-06-26,makerdao,4913275632
2025-06-27,makerdao,4923097108
2025-06-28,makerdao,4838327796
2025-06-29,makerdao,5071596934
2025-06-30,makerdao,4981693628
2025-07-01,makerdao,5067952501
2025-07-02,makerdao,5233248710
2025-07-03,makerdao,5230003410
2025-07-04,makerdao,5362593705
2025-07-05,makerdao,5394225448
2025-07-06,makerdao,5403511681
2025-07-07,makerdao,5459902355
2025-07-08,makerdao,5262335918
2025-07-09,makerdao,5471782814
2025-07-10,makerdao,5600532937
2025-07-11,makerdao,5866808292
2025-07-12,makerdao,5827774796
2025-07-13,makerdao,5708244168
2025-07-14,makerdao,5762760959
2025-07-15,makerdao,5304826314
2025-07-16,makerdao,5447869782
2025-07-17,makerdao,5360442399
2025-07-18,makerdao,5457766112
2025-07-19,makerdao,5647785980
2025-07-20,makerdao,5577970975
2025-07-21,makerdao,5700185684
2025-07-22,makerdao,5700043854
2025-07-23,makerdao,5730925634
2025-07-24,makerdao,5738089150
2025-07-25,makerdao,5852578121
2025-07-26,makerdao,5745207647
2025-07-27,makerdao,5836102617
2025-07-28,makerdao,5930863389
2025-07-29,makerdao,5659259895
2025-07-30,makerdao,5661874103
2025-07-31,makerdao,5534108497
2025-08-01,makerdao,5454422765
2025-08-02,makerdao,5269937296
2025-08-03,makerdao,5195248951
2025-08-04,makerdao,5381500592
2025-08-05,makerdao,5696680186
2025-08-06,makerdao,5837642368
2025-08-07,makerdao,5889516780
2025-08-08,makerdao,5928887501
2025-08-09,makerdao,6246779201
2025-08-10,makerdao,6502660828
2025-08-11,makerdao,6499205736
2025-08-12,makerdao,6388253808
2025-08-13,makerdao,6644121894
2025-08-14,makerdao,6751963307
2025-08-15,makerdao,6446811408
2025-08-16,makerdao,6322870051
2025-08-17,makerdao,6391684113
2025-08-18,makerdao,6507447466
2025-08-19,makerdao,6328001305
2025-08-20,makerdao,5850553530
2025-08-21,makerdao,6105285265
2025-08-22,makerdao,6001632582
2025-08-23,makerdao,6452113055
2025-08-24,makerdao,6341243972
2025-08-25,makerdao,6185920927
2025-08-26,makerdao,5967329315
2025-08-27,makerdao,6301749527
2025-08-28,makerdao,6210606426
2025-08-29,makerdao,6111777084
2025-08-30,makerdao,6129537198
2025-08-31,makerdao,6143764325
2025-09-01,makerdao,6107798361
2025-09-02,makerdao,5945009853
2025-09-03,makerdao,6149009144
2025-09-04,makerdao,6365485210
2025-09-05,makerdao,6120356715
2025-09-06,makerdao,6215764352
2025-09-07,makerdao,6126297761
2025-09-08,makerdao,5970742779
2025-09-09,makerdao,5994693605
2025-09-10,makerdao,5863281942
2025-09-11,makerdao,5857493666
2025-09-12,makerdao,5844761899
2025-09-13,makerdao,6192287017
2025-09-14,makerdao,5994872147
2025-09-15,makerdao,5832814541
2025-09-16,makerdao,5696102481
2025-09-17,makerdao,5965977563
2025-09-18,makerdao,5890846302
2025-09-19,makerdao,6072990651
2025-09-20,makerdao,6068688759
2025-09-21,makerdao,6067659295
2025-09-22,makerdao,6115320839
2025-09-23,makerdao,6031993177
2025-09-24,makerdao,6055471138
2025-09-25,makerdao,6164865913
2025-09-26,makerdao,5847636051
2025-09-27,makerdao,6158543118
2025-09-28,makerdao,6135020294
2025-09-29,makerdao,6186776317
2025-09-30,makerdao,5826659252
2025-10-01,makerdao,6071019961
2025-10-02,makerdao,6211322734
2025-10-03,makerdao,6367489854
2025-10-04,makerdao,6117770105
2025-10-05,makerdao,6262956668
2025-10-06,makerdao,6258821993
2025-10-07,makerdao,6017819483
2025-10-08,makerdao,5931533908
2025-10-09,makerdao,5714244006
2025-10-10,makerdao,5916466613
2025-10-11,makerdao,5596531595
2025-10-12,makerdao,5567724995
2025-10-13,makerdao,6110212606
2025-10-14,makerdao,6087962406
2025-10-15,makerdao,6052013458
2025-10-16,makerdao,5872771981
2025-10-17,makerdao,5940121789
2025-10-18,makerdao,5994395509
2025-10-19,makerdao,6063156836
2025-10-20,makerdao,6268715245
2025-10-21,makerdao,6119823466
2025-10-22,makerdao,6654186833
2025-10-23,makerdao,6582888951
2025-10-24,makerdao,6434303947
2025-10-25,makerdao,6794869251
2025-10-26,makerdao,6895115346
2025-10-27,makerdao,7061568718
2025-10-28,makerdao,7005767888
2025-10-29,makerdao,6902554375
2025-10-30,makerdao,6855040728
2025-10-31,makerdao,6762768427
2025-11-01,makerdao,6589093740
2025-11-02,makerdao,6527258635
2025-11-03,makerdao,6573602807
2025-11-04,makerdao,6522282742
2025-11-05,makerdao,5945804152
2025-11-06,makerdao,5960261919
2025-11-07,makerdao,6197299142
2025-11-08,makerdao,6211980810
2025-11-09,makerdao,6136328022
2025-11-10,makerdao,6394879794
2025-11-11,makerdao,6216928141
2025-11-12,makerdao,6077266558
2025-11-13,makerdao,6126306346
2025-11-14,makerdao,5984202363
2025-11-15,makerdao,5995050324
2025-11-16,makerdao,6026552272
2025-11-17,makerdao,5938816444
2025-11-18,makerdao,5841931581
2025-11-19,makerdao,5835472271
2025-11-20,makerdao,5316444353
2025-11-21,makerdao,5409501783
2025-11-22,makerdao,5245309276
2025-11-23,makerdao,5518153526
2025-11-24,makerdao,5346797363
2025-11-25,makerdao,5744780543
2025-11-26,makerdao,5609925862
2025-11-27,makerdao,6053085052
2025-11-28,makerdao,5757532938
2025-11-29,makerdao,6210422515
2025-11-30,makerdao,6211846085
2025-12-01,makerdao,6108608887
2025-12-02,makerdao,6139574797
2025-12-03,makerdao,6410894525
2025-12-04,makerdao,6594676126
2025-12-05,makerdao,6543179101
2025-12-06,makerdao,6404093970
2025-12-07,makerdao,6425418569
2025-12-08,makerdao,6437985507
2025-12-09,makerdao,6505085987
2025-12-10,makerdao,6785182688
2025-12-11,makerdao,6770329334
2025-12-12,makerdao,6896229545
2025-12-13,makerdao,6767031701
2025-12-14,makerdao,6781233653
2025-12-15,makerdao,6716612130
2025-12-16,makerdao,6594406931
2025-12-17,makerdao,6432726757
2025-12-18,makerdao,6291186818
2025-12-19,makerdao,6189677613
2025-12-20,makerdao,6308354216
2025-12-21,makerdao,6301776288
2025-12-22,makerdao,6347300248
2025-12-23,makerdao,6379810101
2025-12-24,makerdao,6081828502
2025-12-25,makerdao,6059953344
2025-12-26,makerdao,6017594506
2025-12-27,makerdao,6047784909
2025-12-28,makerdao,6078607263
2025-12-29,makerdao,5997920855
2025-12-30,makerdao,5771889529
2025-12-31,makerdao,5737553498
2026-01-01,makerdao,5786180918
2026-01-02,makerdao,5824621895
2026-01-03,makerdao,6271583805
2026-01-04,makerdao,6314485518
2026-01-05,makerdao,6322753536
2026-01-06,makerdao,6447761800
2026-01-07,makerdao,6511518723
2026-01-08,makerdao,6454239327
2026-01-09,makerdao,6407122454
2026-01-10,makerdao,6163433217
2026-01-11,makerdao,6477595824
2026-01-12,makerdao,6529850979
2026-01-13,makerdao,6460305595
2026-01-14,makerdao,6617711039
2026-01-15,makerdao,6781359756
2026-01-16,makerdao,6400648813
2026-01-17,makerdao,6676765422
2026-01-18,makerdao,6717228776
2026-01-19,makerdao,6608100473
2026-01-20,makerdao,6574294709
2026-01-21,makerdao,6365038218
2026-01-22,makerdao,6275373501
2026-01-23,makerdao,6188773104
2026-01-24,makerdao,6133127817
2026-01-25,makerdao,6085388300
2026-01-26,makerdao,5650632779
2026-01-27,makerdao,5854187723
2026-01-28,makerdao,5644964624
2026-01-29,makerdao,5869305034
2026-01-30,makerdao,5655462355
2026-01-31,makerdao,5543489419
2026-02-01,makerdao,5378683781
2026-02-02,makerdao,5007733347
2026-02-03,makerdao,5079858223
2026-02-04,makerdao,5454811676
2026-02-05,makerdao,5369475209
2026-02-06,makerdao,4878429298
2026-02-07,makerdao,5141439475
2026-02-08,makerdao,5538224510
2026-02-09,makerdao,5505888421
2026-02-10,makerdao,5152293870
2026-02-11,makerdao,5333433587
2026-02-12,makerdao,5344391650
2026-02-13,makerdao,5343420011
2026-02-14,makerdao,5411538526
2026-02-15,makerdao,5516218772
2026-02-16,makerdao,5453650646
2026-02-17,makerdao,5198502657
2026-02-18,makerdao,5466146998
2026-02-19,makerdao,5467647479
2026-02-20,makerdao,5513620250
2026-02-21,makerdao,5199063049
2026-02-22,makerdao,5494373982
2026-02-23,makerdao,5181277733
2026-02-24,makerdao,5407486954
2026-02-25,makerdao,5461519960
2026-02-26,makerdao,5441393608
2026-02-27,makerdao,5700336210
2026-02-28,makerdao,5585842158
2026-03-01,makerdao,5344060008
2026-03-02,makerdao,5369361208
2026-03-03,makerdao,5667861311
2026-03-04,makerdao,5309834388
2026-03-05,makerdao,5706466488
2026-03-06,makerdao,6635967191
2026-03-07,makerdao,6613694026
2026-03-08,makerdao,6518972111
2026-03-09,makerdao,6885552835
2026-03-10,makerdao,7050014310
2026-03-11,makerdao,6736748820
2026-03-12,makerdao,7333968711
2026-03-13,makerdao,7358648933
2026-03-14,makerdao,7092440844
2026-03-15,makerdao,7373696098
2026-03-16,makerdao,7437052389
2026-03-17,makerdao,7211010618
2026-03-18,makerdao,7439463973
2026-03-19,makerdao,7490067818
2026-03-20,makerdao,7313916874
2026-03-21,makerdao,7360613256
2026-03-22,makerdao,7370841612
2026-03-23,makerdao,7175269513
2026-03-24,makerdao,7116089349
2026-03-25,makerdao,6787141882
2026-03-26,makerdao,7070825498
2026-03-27,makerdao,6766592621
2026-03-28,makerdao,6591867080
2026-03-29,makerdao,6626616272
2026-03-30,makerdao,6638730999
2026-03-31,makerdao,6372871549
2026-04-01,makerdao,6758095574
2026-04-02,makerdao,6615033339
2026-04-03,makerdao,6582433228
2026-04-04,makerdao,6594804818
2026-04-05,makerdao,6596508366
2026-04-06,makerdao,6633103050
2026-04-07,makerdao,6082326242
2026-04-08,makerdao,6252185732
2026-04-09,makerdao,6261833897
2026-04-10,makerdao,6242246694
2026-04-11,makerdao,6221851458
2026-04-12,makerdao,6281956308
2026-04-13,makerdao,5870740996
2026-04-14,makerdao,6135152240
2026-04-15,makerdao,6135041813
2026-04-16,makerdao,6006835081
2026-04-17,makerdao,6007537224
2026-04-18,makerdao,5822775055
2026-04-19,makerdao,5853220057
2026-04-20,makerdao,5266844262
2026-04-21,makerdao,5280070055
2026-04-22,makerdao,5204651834
2026-04-23,makerdao,5198764970
2026-04-24,makerdao,5216788747
2026-04-25,makerdao,5018860138
2026-04-26,makerdao,5312343019
2026-04-27,makerdao,5396837220
2026-04-28,makerdao,5386746458
2026-04-29,makerdao,5064320963
2026-04-30,makerdao,5403200761
2026-05-01,makerdao,5471623118
2026-05-02,makerdao,5333288043
2026-05-03,makerdao,5352352868
2026-05-04,makerdao,5639635155
2026-05-05,makerdao,5690506257
2026-05-06,makerdao,5832970552
2026-05-07,makerdao,5704385544
2026-05-08,makerdao,5996666114
2026-05-09,makerdao,5857954544
2026-05-10,makerdao,5859087791
2026-05-11,makerdao,5898918010
2026-05-12,makerdao,5853337534
2026-05-13,makerdao,5860016112
2026-05-14,makerdao,5830627068
2026-05-15,makerdao,5923885075
2026-05-16,makerdao,5910930311
2026-05-17,makerdao,5875137795
2026-05-18,makerdao,5831592854
2026-05-19,makerdao,5670420621
2026-05-20,makerdao,5414084379
2026-05-21,makerdao,5671323597
2026-05-22,makerdao,5646655792
2026-05-23,makerdao,5688569709
2026-05-24,makerdao,5770352396
2026-05-25,makerdao,5447563046
2026-05-26,makerdao,5717610366
2026-05-27,makerdao,5674920165
2026-05-28,makerdao,6101819149
2026-05-29,makerdao,6197854392
2026-05-30,makerdao,5828534110
2026-05-31,makerdao,6131118441
2026-06-01,makerdao,6130485368
2026-06-02,makerdao,6125195920
2026-06-03,makerdao,5627981279
2026-06-04,makerdao,5890181019
2026-06-05,makerdao,5901637374
2026-06-06,makerdao,5723377239
2026-06-07,makerdao,5840989779
2026-06-08,makerdao,5841466192
2026-06-09,makerdao,5849670989
2026-06-10,makerdao,5745104900
2026-06-11,makerdao,5713214899
2026-06-12,makerdao,5753837987
2026-06-13,makerdao,5821968126
2026-06-14,makerdao,5835541379
2026-06-15,makerdao,5864540202
2026-06-15,makerdao,5880489656
2025-06-12,pancakeswap-amm,1307062933
2025-06-13,pancakeswap-amm,1284193528
2025-06-14,pancakeswap-amm,1283040465
2025-06-15,pancakeswap-amm,1270383244
2025-06-16,pancakeswap-amm,1276288907
2025-06-17,pancakeswap-amm,1278764470
2025-06-18,pancakeswap-amm,1280316194
2025-06-19,pancakeswap-amm,1274699399
2025-06-20,pancakeswap-amm,1278111250
2025-06-21,pancakeswap-amm,1273943446
2025-06-22,pancakeswap-amm,1255651157
2025-06-23,pancakeswap-amm,1233723150
2025-06-24,pancakeswap-amm,1273909835
2025-06-25,pancakeswap-amm,1279367268
2025-06-26,pancakeswap-amm,1282961491
2025-06-27,pancakeswap-amm,1276994095
2025-06-28,pancakeswap-amm,1277790568
2025-06-29,pancakeswap-amm,1280600822
2025-06-30,pancakeswap-amm,1289034805
2025-07-01,pancakeswap-amm,1294983489
2025-07-02,pancakeswap-amm,1295530489
2025-07-03,pancakeswap-amm,1312260573
2025-07-04,pancakeswap-amm,1319113389
2025-07-05,pancakeswap-amm,1308052334
2025-07-06,pancakeswap-amm,1307355421
2025-07-07,pancakeswap-amm,1316727934
2025-07-08,pancakeswap-amm,1313994075
2025-07-09,pancakeswap-amm,1314828202
2025-07-10,pancakeswap-amm,1329606948
2025-07-11,pancakeswap-amm,1354554405
2025-07-12,pancakeswap-amm,1359892400
2025-07-13,pancakeswap-amm,1358455703
2025-07-14,pancakeswap-amm,1360360856
2025-07-15,pancakeswap-amm,1354266522
2025-07-16,pancakeswap-amm,1356474559
2025-07-17,pancakeswap-amm,1400528013
2025-07-18,pancakeswap-amm,1414159129
2025-07-19,pancakeswap-amm,1410236431
2025-07-20,pancakeswap-amm,1417864515
2025-07-21,pancakeswap-amm,1446419163
2025-07-22,pancakeswap-amm,1456926970
2025-07-23,pancakeswap-amm,1494376665
2025-07-24,pancakeswap-amm,1462630600
2025-07-25,pancakeswap-amm,1442875151
2025-07-26,pancakeswap-amm,1476014587
2025-07-27,pancakeswap-amm,1493292366
2025-07-28,pancakeswap-amm,1554182488
2025-07-29,pancakeswap-amm,1518084800
2025-07-30,pancakeswap-amm,1500536661
2025-07-31,pancakeswap-amm,1492068107
2025-08-01,pancakeswap-amm,1479366042
2025-08-02,pancakeswap-amm,1461339579
2025-08-03,pancakeswap-amm,1430525817
2025-08-04,pancakeswap-amm,1443374878
2025-08-05,pancakeswap-amm,1471575771
2025-08-06,pancakeswap-amm,1446259860
2025-08-07,pancakeswap-amm,1477000029
2025-08-08,pancakeswap-amm,1501630606
2025-08-09,pancakeswap-amm,1509402769
2025-08-10,pancakeswap-amm,1523988109
2025-08-11,pancakeswap-amm,1522449566
2025-08-12,pancakeswap-amm,1522840001
2025-08-13,pancakeswap-amm,1564996183
2025-08-14,pancakeswap-amm,1531418764
2025-08-15,pancakeswap-amm,1522926007
2025-08-16,pancakeswap-amm,1504786447
2025-08-17,pancakeswap-amm,1525845670
2025-08-18,pancakeswap-amm,1540437389
2025-08-19,pancakeswap-amm,1523449914
2025-08-20,pancakeswap-amm,1500285404
2025-08-21,pancakeswap-amm,1553569841
2025-08-22,pancakeswap-amm,1521641592
2025-08-23,pancakeswap-amm,1589237446
2025-08-24,pancakeswap-amm,1576639850
2025-08-25,pancakeswap-amm,1559778716
2025-08-26,pancakeswap-amm,1502271146
2025-08-27,pancakeswap-amm,1574813560
2025-08-28,pancakeswap-amm,1593910544
2025-08-29,pancakeswap-amm,1621593805
2025-08-30,pancakeswap-amm,1598154739
2025-08-31,pancakeswap-amm,1596109726
2025-09-01,pancakeswap-amm,1599250786
2025-09-02,pancakeswap-amm,1593382271
2025-09-03,pancakeswap-amm,1605942337
2025-09-04,pancakeswap-amm,1611218716
2025-09-05,pancakeswap-amm,1602981861
2025-09-06,pancakeswap-amm,1599751422
2025-09-07,pancakeswap-amm,1612883303
2025-09-08,pancakeswap-amm,1643586086
2025-09-09,pancakeswap-amm,1644578262
2025-09-10,pancakeswap-amm,1670159161
2025-09-11,pancakeswap-amm,1694088029
2025-09-12,pancakeswap-amm,1720142577
2025-09-13,pancakeswap-amm,1747464465
2025-09-14,pancakeswap-amm,1761157797
2025-09-15,pancakeswap-amm,1749611755
2025-09-16,pancakeswap-amm,1747020577
2025-09-17,pancakeswap-amm,1791010531
2025-09-18,pancakeswap-amm,1838405613
2025-09-19,pancakeswap-amm,1832171424
2025-09-20,pancakeswap-amm,1838806680
2025-09-21,pancakeswap-amm,1882187180
2025-09-22,pancakeswap-amm,1898888428
2025-09-23,pancakeswap-amm,1848685266
2025-09-24,pancakeswap-amm,1882469358
2025-09-25,pancakeswap-amm,1870581165
2025-09-26,pancakeswap-amm,1815981336
2025-09-27,pancakeswap-amm,1835250725
2025-09-28,pancakeswap-amm,1850306281
2025-09-29,pancakeswap-amm,1886518832
2025-09-30,pancakeswap-amm,1918369287
2025-10-01,pancakeswap-amm,1902962180
2025-10-02,pancakeswap-amm,1902515408
2025-10-03,pancakeswap-amm,1975825392
2025-10-04,pancakeswap-amm,2065900376
2025-10-05,pancakeswap-amm,2045594089
2025-10-06,pancakeswap-amm,2060720245
2025-10-07,pancakeswap-amm,2139360630
2025-10-08,pancakeswap-amm,2240631082
2025-10-09,pancakeswap-amm,2251490409
2025-10-10,pancakeswap-amm,2217781034
2025-10-11,pancakeswap-amm,2005434369
2025-10-12,pancakeswap-amm,2054275555
2025-10-13,pancakeswap-amm,2285794066
2025-10-14,pancakeswap-amm,2281275155
2025-10-15,pancakeswap-amm,2178009767
2025-10-16,pancakeswap-amm,2149898445
2025-10-17,pancakeswap-amm,2119703768
2025-10-18,pancakeswap-amm,2055578983
2025-10-19,pancakeswap-amm,2059285980
2025-10-20,pancakeswap-amm,2079405742
2025-10-21,pancakeswap-amm,2093637811
2025-10-22,pancakeswap-amm,2042072712
2025-10-23,pancakeswap-amm,2065052615
2025-10-24,pancakeswap-amm,2157704994
2025-10-25,pancakeswap-amm,2119413805
2025-10-26,pancakeswap-amm,2140109042
2025-10-27,pancakeswap-amm,2176885867
2025-10-28,pancakeswap-amm,2170328847
2025-10-29,pancakeswap-amm,2122745987
2025-10-30,pancakeswap-amm,2147005561
2025-10-31,pancakeswap-amm,2116727715
2025-11-01,pancakeswap-amm,2130383921
2025-11-02,pancakeswap-amm,2130899582
2025-11-03,pancakeswap-amm,2133855640
2025-11-04,pancakeswap-amm,2029370640
2025-11-05,pancakeswap-amm,1955346781
2025-11-06,pancakeswap-amm,2008758103
2025-11-07,pancakeswap-amm,2015824252
2025-11-08,pancakeswap-amm,2069024336
2025-11-09,pancakeswap-amm,2058857050
2025-11-10,pancakeswap-amm,2106179832
2025-11-11,pancakeswap-amm,2078845772
2025-11-12,pancakeswap-amm,2046378568
2025-11-13,pancakeswap-amm,2046706447
2025-11-14,pancakeswap-amm,2006873717
2025-11-15,pancakeswap-amm,2010219677
2025-11-16,pancakeswap-amm,2029453903
2025-11-17,pancakeswap-amm,2027983815
2025-11-18,pancakeswap-amm,2003013874
2025-11-19,pancakeswap-amm,2037369295
2025-11-20,pancakeswap-amm,2022571689
2025-11-21,pancakeswap-amm,1973007506
2025-11-22,pancakeswap-amm,1948790973
2025-11-23,pancakeswap-amm,1959625553
2025-11-24,pancakeswap-amm,1970163792
2025-11-25,pancakeswap-amm,2010181832
2025-11-26,pancakeswap-amm,2030145511
2025-11-27,pancakeswap-amm,2068880412
2025-11-28,pancakeswap-amm,2080678068
2025-11-29,pancakeswap-amm,2077493941
2025-11-30,pancakeswap-amm,2063839243
2025-12-01,pancakeswap-amm,2044121976
2025-12-02,pancakeswap-amm,1990497924
2025-12-03,pancakeswap-amm,2073240735
2025-12-04,pancakeswap-amm,2128195528
2025-12-05,pancakeswap-amm,2096752662
2025-12-06,pancakeswap-amm,2068320309
2025-12-07,pancakeswap-amm,2082880353
2025-12-08,pancakeswap-amm,2078854552
2025-12-09,pancakeswap-amm,2080474374
2025-12-10,pancakeswap-amm,2073432589
2025-12-11,pancakeswap-amm,2070954838
2025-12-12,pancakeswap-amm,2064604528
2025-12-13,pancakeswap-amm,2047264778
2025-12-14,pancakeswap-amm,2057030858
2025-12-15,pancakeswap-amm,2029766105
2025-12-16,pancakeswap-amm,1992117538
2025-12-17,pancakeswap-amm,1997228100
2025-12-18,pancakeswap-amm,1948704411
2025-12-19,pancakeswap-amm,1874057665
2025-12-20,pancakeswap-amm,1889775649
2025-12-21,pancakeswap-amm,1874392922
2025-12-22,pancakeswap-amm,1836062879
2025-12-23,pancakeswap-amm,1833447422
2025-12-24,pancakeswap-amm,1813367110
2025-12-25,pancakeswap-amm,1818984565
2025-12-26,pancakeswap-amm,1796178563
2025-12-27,pancakeswap-amm,1792779942
2025-12-28,pancakeswap-amm,1800607823
2025-12-29,pancakeswap-amm,1820249547
2025-12-30,pancakeswap-amm,1795239250
2025-12-31,pancakeswap-amm,1810940910
2026-01-01,pancakeswap-amm,1809414621
2026-01-02,pancakeswap-amm,1814182138
2026-01-03,pancakeswap-amm,1838621735
2026-01-04,pancakeswap-amm,1831678033
2026-01-05,pancakeswap-amm,1846622108
2026-01-06,pancakeswap-amm,1856767628
2026-01-08,pancakeswap-amm,1817287510
2026-01-09,pancakeswap-amm,1815833774
2026-01-10,pancakeswap-amm,1847232907
2026-01-11,pancakeswap-amm,1870699085
2026-01-12,pancakeswap-amm,1870196742
2026-01-13,pancakeswap-amm,1870578786
2026-01-14,pancakeswap-amm,1923082952
2026-01-15,pancakeswap-amm,1927372897
2026-01-16,pancakeswap-amm,1899836452
2026-01-17,pancakeswap-amm,1901749939
2026-01-18,pancakeswap-amm,1914560627
2026-01-19,pancakeswap-amm,1864578190
2026-01-20,pancakeswap-amm,1901487311
2026-01-21,pancakeswap-amm,1833509338
2026-01-22,pancakeswap-amm,1850672344
2026-01-23,pancakeswap-amm,1864484971
2026-01-24,pancakeswap-amm,1866824286
2026-01-25,pancakeswap-amm,1867264057
2026-01-26,pancakeswap-amm,1843159253
2026-01-27,pancakeswap-amm,1868394112
2026-01-28,pancakeswap-amm,1883984685
2026-01-29,pancakeswap-amm,1885047828
2026-01-30,pancakeswap-amm,1810365746
2026-01-31,pancakeswap-amm,1831943041
2026-02-01,pancakeswap-amm,1729985852
2026-02-02,pancakeswap-amm,1716115744
2026-02-03,pancakeswap-amm,1720440596
2026-02-04,pancakeswap-amm,1688049173
2026-02-05,pancakeswap-amm,1613073101
2026-02-06,pancakeswap-amm,1438470853
2026-02-07,pancakeswap-amm,1566481991
2026-02-08,pancakeswap-amm,1559719100
2026-02-09,pancakeswap-amm,1595836043
2026-02-10,pancakeswap-amm,1591220571
2026-02-11,pancakeswap-amm,1566235226
2026-02-12,pancakeswap-amm,1555526884
2026-02-13,pancakeswap-amm,1558722225
2026-02-14,pancakeswap-amm,1578102165
2026-02-15,pancakeswap-amm,1595564539
2026-02-16,pancakeswap-amm,1576529929
2026-02-17,pancakeswap-amm,1592937454
2026-02-18,pancakeswap-amm,1578612982
2026-02-19,pancakeswap-amm,1552959790
2026-02-20,pancakeswap-amm,1557969126
2026-02-21,pancakeswap-amm,1578746988
2026-02-22,pancakeswap-amm,1576307292
2026-02-23,pancakeswap-amm,1562980396
2026-02-24,pancakeswap-amm,1536280041
2026-02-25,pancakeswap-amm,1546642056
2026-02-26,pancakeswap-amm,1584402820
2026-02-27,pancakeswap-amm,1581324065
2026-02-28,pancakeswap-amm,1572833813
2026-03-01,pancakeswap-amm,1575775418
2026-03-02,pancakeswap-amm,1601774132
2026-03-03,pancakeswap-amm,1620355334
2026-03-04,pancakeswap-amm,1595269222
2026-03-05,pancakeswap-amm,1623526578
2026-03-06,pancakeswap-amm,1614004449
2026-03-07,pancakeswap-amm,1597376773
2026-03-08,pancakeswap-amm,1582524050
2026-03-09,pancakeswap-amm,1578855188
2026-03-10,pancakeswap-amm,1608785192
2026-03-11,pancakeswap-amm,1628893412
2026-03-12,pancakeswap-amm,1638336126
2026-03-13,pancakeswap-amm,1657138215
2026-03-14,pancakeswap-amm,1657356102
2026-03-15,pancakeswap-amm,1665083049
2026-03-16,pancakeswap-amm,1690803112
2026-03-17,pancakeswap-amm,1702552611
2026-03-18,pancakeswap-amm,1683473921
2026-03-19,pancakeswap-amm,1662046642
2026-03-20,pancakeswap-amm,1661191591
2026-03-21,pancakeswap-amm,1679327850
2026-03-22,pancakeswap-amm,1654727709
2026-03-23,pancakeswap-amm,1658144956
2026-03-24,pancakeswap-amm,1672610608
2026-03-25,pancakeswap-amm,1676537782
2026-03-26,pancakeswap-amm,1686668275
2026-03-27,pancakeswap-amm,1663375007
2026-03-28,pancakeswap-amm,1645996307
2026-03-29,pancakeswap-amm,1646479751
2026-03-30,pancakeswap-amm,1651766361
2026-03-31,pancakeswap-amm,1651572715
2026-04-01,pancakeswap-amm,1662556121
2026-04-02,pancakeswap-amm,1653145625
2026-04-03,pancakeswap-amm,1621771592
2026-04-04,pancakeswap-amm,1634478775
2026-04-05,pancakeswap-amm,1642590160
2026-04-06,pancakeswap-amm,1653113995
2026-04-07,pancakeswap-amm,1636467498
2026-04-08,pancakeswap-amm,1665030822
2026-04-09,pancakeswap-amm,1641879293
2026-04-10,pancakeswap-amm,1639095618
2026-04-15,pancakeswap-amm,1719299571
2026-04-16,pancakeswap-amm,1723033290
2026-04-17,pancakeswap-amm,1724144811
2026-04-18,pancakeswap-amm,1737033422
2026-04-19,pancakeswap-amm,1722492981
2026-04-20,pancakeswap-amm,1697439628
2026-04-21,pancakeswap-amm,1718210630
2026-04-22,pancakeswap-amm,1719526032
2026-04-23,pancakeswap-amm,1733599294
2026-04-24,pancakeswap-amm,1744946457
2026-04-25,pancakeswap-amm,1744478583
2026-04-26,pancakeswap-amm,1733297560
2026-04-27,pancakeswap-amm,1741088217
2026-04-28,pancakeswap-amm,1733718980
2026-04-29,pancakeswap-amm,1735642531
2026-04-30,pancakeswap-amm,1732505479
2026-05-01,pancakeswap-amm,1731841260
2026-05-02,pancakeswap-amm,1740622589
2026-05-03,pancakeswap-amm,1748768454
2026-05-04,pancakeswap-amm,1740451402
2026-05-05,pancakeswap-amm,1754424697
2026-05-06,pancakeswap-amm,1758794578
2026-05-07,pancakeswap-amm,1769234692
2026-05-08,pancakeswap-amm,1754315704
2026-05-09,pancakeswap-amm,1782802564
2026-05-10,pancakeswap-amm,1774406007
2026-05-11,pancakeswap-amm,1798615291
2026-05-12,pancakeswap-amm,1805625044
2026-05-13,pancakeswap-amm,1806003445
2026-05-14,pancakeswap-amm,1811244343
2026-05-15,pancakeswap-amm,1818250424
2026-05-16,pancakeswap-amm,1799673609
2026-05-17,pancakeswap-amm,1778583425
2026-05-18,pancakeswap-amm,1764685683
2026-05-19,pancakeswap-amm,1765563376
2026-05-20,pancakeswap-amm,1762455608
2026-05-21,pancakeswap-amm,1776629719
2026-05-22,pancakeswap-amm,1782002767
2026-05-23,pancakeswap-amm,1775610456
2026-05-24,pancakeswap-amm,1781057302
2026-05-25,pancakeswap-amm,1825186517
2026-05-26,pancakeswap-amm,1829435930
2026-05-27,pancakeswap-amm,1819389406
2026-05-28,pancakeswap-amm,1816320706
2026-05-29,pancakeswap-amm,1796486916
2026-05-30,pancakeswap-amm,1812312760
2026-05-31,pancakeswap-amm,1912895753
2026-06-01,pancakeswap-amm,1910923199
2026-06-02,pancakeswap-amm,1899126862
2026-06-03,pancakeswap-amm,1844936823
2026-06-04,pancakeswap-amm,1823611455
2026-06-05,pancakeswap-amm,1802036606
2026-06-06,pancakeswap-amm,1766004376
2026-06-07,pancakeswap-amm,1775715953
2026-06-08,pancakeswap-amm,1802530108
2026-06-09,pancakeswap-amm,1798605296
2026-06-10,pancakeswap-amm,1781450298
2026-06-11,pancakeswap-amm,1796655927
2026-06-12,pancakeswap-amm,1792072384
2026-06-13,pancakeswap-amm,1792593660
2026-06-14,pancakeswap-amm,1798942418
2026-06-15,pancakeswap-amm,1804898924
2026-06-15,pancakeswap-amm,1814480600
2025-06-16,uniswap-v3,2507527130
2025-06-17,uniswap-v3,2527628408
2025-06-18,uniswap-v3,2488190104
2025-06-19,uniswap-v3,2463970120
2025-06-20,uniswap-v3,2456531698
2025-06-21,uniswap-v3,2404309783
2025-06-22,uniswap-v3,2321431624
2025-06-23,uniswap-v3,2232681259
2025-06-24,uniswap-v3,2378497991
2025-06-25,uniswap-v3,2388426104
2025-06-26,uniswap-v3,2385285354
2025-06-27,uniswap-v3,2346032325
2025-06-28,uniswap-v3,2336907760
2025-06-29,uniswap-v3,2356832297
2025-06-30,uniswap-v3,2388039443
2025-07-01,uniswap-v3,2359055489
2025-07-02,uniswap-v3,2306534001
2025-07-03,uniswap-v3,2404345257
2025-07-04,uniswap-v3,2415629150
2025-07-05,uniswap-v3,2365848657
2025-07-06,uniswap-v3,2372935969
2025-07-07,uniswap-v3,2406490653
2025-07-08,uniswap-v3,2384494684
2025-07-09,uniswap-v3,2421283241
2025-07-10,uniswap-v3,2512095179
2025-07-11,uniswap-v3,2581859158
2025-07-12,uniswap-v3,2561685423
2025-07-13,uniswap-v3,2546659274
2025-07-14,uniswap-v3,2578473200
2025-07-15,uniswap-v3,2578604442
2025-07-16,uniswap-v3,2602305686
2025-07-17,uniswap-v3,2657029707
2025-07-18,uniswap-v3,2702014675
2025-07-19,uniswap-v3,2743764789
2025-07-20,uniswap-v3,2745081651
2025-07-21,uniswap-v3,2796850675
2025-07-22,uniswap-v3,2801448344
2025-07-23,uniswap-v3,2796397068
2025-07-24,uniswap-v3,2715530854
2025-07-25,uniswap-v3,2697570258
2025-07-26,uniswap-v3,2747289970
2025-07-27,uniswap-v3,2776395304
2025-07-28,uniswap-v3,2834050631
2025-07-29,uniswap-v3,2781499472
2025-07-30,uniswap-v3,2757994963
2025-07-31,uniswap-v3,2744838488
2025-08-01,uniswap-v3,2710287087
2025-08-02,uniswap-v3,2639617206
2025-08-03,uniswap-v3,2574316531
2025-08-04,uniswap-v3,2669231312
2025-08-05,uniswap-v3,2745940768
2025-08-06,uniswap-v3,2729285279
2025-08-07,uniswap-v3,2731858104
2025-08-08,uniswap-v3,2839550891
2025-08-09,uniswap-v3,2851923228
2025-08-10,uniswap-v3,2919165197
2025-08-11,uniswap-v3,2949902224
2025-08-12,uniswap-v3,2852076983
2025-08-13,uniswap-v3,2950866469
2025-08-14,uniswap-v3,3023977355
2025-08-15,uniswap-v3,3039956098
2025-08-16,uniswap-v3,2958039822
2025-08-17,uniswap-v3,3004007264
2025-08-18,uniswap-v3,3039880345
2025-08-19,uniswap-v3,2977965372
2025-08-20,uniswap-v3,2895527614
2025-08-21,uniswap-v3,2964691627
2025-08-22,uniswap-v3,2893446280
2025-08-23,uniswap-v3,3107546879
2025-08-24,uniswap-v3,3152913036
2025-08-25,uniswap-v3,3103865682
2025-08-26,uniswap-v3,2954506114
2025-08-27,uniswap-v3,2964539489
2025-08-28,uniswap-v3,2901620576
2025-08-29,uniswap-v3,2911480156
2025-08-30,uniswap-v3,2861978128
2025-08-31,uniswap-v3,2894842240
2025-09-01,uniswap-v3,2902801920
2025-09-02,uniswap-v3,2868683726
2025-09-03,uniswap-v3,2867958011
2025-09-04,uniswap-v3,2944497971
2025-09-05,uniswap-v3,2855610840
2025-09-06,uniswap-v3,2837927387
2025-09-07,uniswap-v3,2841659191
2025-09-08,uniswap-v3,2861546083
2025-09-09,uniswap-v3,2887833966
2025-09-10,uniswap-v3,2860899766
2025-09-11,uniswap-v3,2943589786
2025-09-12,uniswap-v3,2941050137
2025-09-13,uniswap-v3,2994454627
2025-09-14,uniswap-v3,2958701622
2025-09-15,uniswap-v3,2926308007
2025-09-16,uniswap-v3,2930050587
2025-09-17,uniswap-v3,2939837896
2025-09-18,uniswap-v3,2985559838
2025-09-19,uniswap-v3,2988988654
2025-09-20,uniswap-v3,2914977515
2025-09-21,uniswap-v3,2936319841
2025-09-22,uniswap-v3,2905259239
2025-09-23,uniswap-v3,2856083667
2025-09-24,uniswap-v3,2793294894
2025-09-25,uniswap-v3,2824524268
2025-09-26,uniswap-v3,2731194684
2025-09-27,uniswap-v3,2770842667
2025-09-28,uniswap-v3,2793635222
2025-09-29,uniswap-v3,2853002946
2025-09-30,uniswap-v3,2869450165
2025-10-01,uniswap-v3,2780864920
2025-10-02,uniswap-v3,2886173290
2025-10-03,uniswap-v3,2887132781
2025-10-04,uniswap-v3,2934966030
2025-10-05,uniswap-v3,2923148251
2025-10-06,uniswap-v3,2935447145
2025-10-07,uniswap-v3,3544027149
2025-10-08,uniswap-v3,3405504275
2025-10-09,uniswap-v3,3487363758
2025-10-10,uniswap-v3,3399440393
2025-10-11,uniswap-v3,3024521702
2025-10-12,uniswap-v3,3067858308
2025-10-13,uniswap-v3,3303341375
2025-10-14,uniswap-v3,3351502157
2025-10-15,uniswap-v3,3295620878
2025-10-16,uniswap-v3,3214423763
2025-10-17,uniswap-v3,2746404598
2025-10-18,uniswap-v3,2705881513
2025-10-19,uniswap-v3,2748007054
2025-10-20,uniswap-v3,2789947933
2025-10-21,uniswap-v3,2798476294
2025-10-22,uniswap-v3,2736757402
2025-10-23,uniswap-v3,2693711449
2025-10-24,uniswap-v3,2751030710
2025-10-25,uniswap-v3,2781964223
2025-10-26,uniswap-v3,2764856517
2025-10-27,uniswap-v3,2832106518
2025-10-28,uniswap-v3,2817752455
2025-10-29,uniswap-v3,2777967981
2025-10-30,uniswap-v3,2745847314
2025-10-31,uniswap-v3,2702927383
2025-11-01,uniswap-v3,2786359749
2025-11-02,uniswap-v3,2808710863
2025-11-03,uniswap-v3,2810324944
2025-11-04,uniswap-v3,2622832024
2025-11-05,uniswap-v3,2474891264
2025-11-06,uniswap-v3,2563362521
2025-11-07,uniswap-v3,2521039528
2025-11-08,uniswap-v3,2620352975
2025-11-09,uniswap-v3,2598831266
2025-11-10,uniswap-v3,2663223490
2025-11-11,uniswap-v3,2622696929
2025-11-12,uniswap-v3,2550355207
2025-11-13,uniswap-v3,2531306899
2025-11-14,uniswap-v3,2459935294
2025-11-15,uniswap-v3,2368080270
2025-11-16,uniswap-v3,2311068899
2025-11-17,uniswap-v3,2283224476
2025-11-18,uniswap-v3,2235672152
2025-11-19,uniswap-v3,2277887975
2025-11-20,uniswap-v3,2256459115
2025-11-21,uniswap-v3,2183649866
2025-11-22,uniswap-v3,2049513678
2025-11-23,uniswap-v3,2026971189
2025-11-24,uniswap-v3,2045059973
2025-11-25,uniswap-v3,2096771507
2025-11-26,uniswap-v3,2127771228
2025-11-27,uniswap-v3,2184671698
2025-11-28,uniswap-v3,2186678186
2025-11-29,uniswap-v3,2168464691
2025-11-30,uniswap-v3,2149595973
2025-12-01,uniswap-v3,2158362556
2025-12-02,uniswap-v3,2054307136
2025-12-03,uniswap-v3,2166594925
2025-12-04,uniswap-v3,2264542214
2025-12-05,uniswap-v3,2190772513
2025-12-06,uniswap-v3,2106843541
2025-12-07,uniswap-v3,2135303963
2025-12-08,uniswap-v3,2179152256
2025-12-09,uniswap-v3,2179442797
2025-12-10,uniswap-v3,2228488958
2025-12-11,uniswap-v3,2227168504
2025-12-12,uniswap-v3,2238260237
2025-12-13,uniswap-v3,2191457133
2025-12-14,uniswap-v3,2176053233
2025-12-15,uniswap-v3,2171898619
2025-12-16,uniswap-v3,2076134255
2025-12-17,uniswap-v3,2089794847
2025-12-18,uniswap-v3,2020936577
2025-12-19,uniswap-v3,2025709867
2025-12-20,uniswap-v3,2103221479
2025-12-21,uniswap-v3,2114352163
2025-12-22,uniswap-v3,2098713168
2025-12-23,uniswap-v3,2122920198
2025-12-24,uniswap-v3,2104078936
2025-12-25,uniswap-v3,2113564939
2025-12-26,uniswap-v3,2086050615
2025-12-27,uniswap-v3,2093898074
2025-12-28,uniswap-v3,2100112974
2025-12-29,uniswap-v3,2104614918
2025-12-30,uniswap-v3,2103233745
2025-12-31,uniswap-v3,2111934756
2026-01-01,uniswap-v3,2119363350
2026-01-02,uniswap-v3,2138820993
2026-01-03,uniswap-v3,2188341582
2026-01-04,uniswap-v3,2228999856
2026-01-05,uniswap-v3,2257596913
2026-01-06,uniswap-v3,2291376772
2026-01-07,uniswap-v3,2297952978
2026-01-08,uniswap-v3,2227039543
2026-01-09,uniswap-v3,2206420480
2026-01-10,uniswap-v3,2206562436
2026-01-11,uniswap-v3,2218707150
2026-01-12,uniswap-v3,2223520765
2026-01-13,uniswap-v3,2221852437
2026-01-14,uniswap-v3,2331450178
2026-01-15,uniswap-v3,2321652313
2026-01-16,uniswap-v3,2310517124
2026-01-17,uniswap-v3,2292099472
2026-01-18,uniswap-v3,2294317577
2026-01-19,uniswap-v3,2232098767
2026-01-20,uniswap-v3,2163164601
2026-01-21,uniswap-v3,2077083298
2026-01-22,uniswap-v3,2086576718
2026-01-23,uniswap-v3,2077220964
2026-01-24,uniswap-v3,2078175794
2026-01-25,uniswap-v3,2071490165
2026-01-26,uniswap-v3,2017353229
2026-01-27,uniswap-v3,2054999662
2026-01-28,uniswap-v3,2092567525
2026-01-29,uniswap-v3,2097703782
2026-01-30,uniswap-v3,1991269178
2026-01-31,uniswap-v3,1937800857
2026-02-01,uniswap-v3,1768456833
2026-02-02,uniswap-v3,1711318847
2026-02-03,uniswap-v3,1752595886
2026-02-04,uniswap-v3,1668867072
2026-02-05,uniswap-v3,1646656647
2026-02-06,uniswap-v3,1442165521
2026-02-07,uniswap-v3,1537110970
2026-02-08,uniswap-v3,1550228914
2026-02-09,uniswap-v3,1561580478
2026-02-10,uniswap-v3,1602807729
2026-02-11,uniswap-v3,1586704356
2026-02-12,uniswap-v3,1574481653
2026-02-13,uniswap-v3,1563189690
2026-02-14,uniswap-v3,1636700867
2026-02-15,uniswap-v3,1660913343
2026-02-16,uniswap-v3,1609164160
2026-02-17,uniswap-v3,1626620383
2026-02-18,uniswap-v3,1609668977
2026-02-19,uniswap-v3,1581478754
2026-02-20,uniswap-v3,1578993802
2026-02-21,uniswap-v3,1557163384
2026-02-22,uniswap-v3,1570642735
2026-02-23,uniswap-v3,1540990360
2026-02-24,uniswap-v3,1507118600
2026-02-25,uniswap-v3,1512674775
2026-02-26,uniswap-v3,1600753651
2026-02-27,uniswap-v3,1589149517
2026-02-28,uniswap-v3,1545096692
2026-03-01,uniswap-v3,1567756231
2026-03-02,uniswap-v3,1552461575
2026-03-03,uniswap-v3,1602370711
2026-03-04,uniswap-v3,1592247567
2026-03-05,uniswap-v3,1666993710
2026-03-06,uniswap-v3,1643592440
2026-03-07,uniswap-v3,1595165556
2026-03-08,uniswap-v3,1584814597
2026-03-09,uniswap-v3,1582536341
2026-03-10,uniswap-v3,1620628227
2026-03-11,uniswap-v3,1640461582
2026-03-12,uniswap-v3,1672332781
2026-03-13,uniswap-v3,1724013962
2026-03-14,uniswap-v3,1697477439
2026-03-15,uniswap-v3,1704438687
2026-03-16,uniswap-v3,1751012993
2026-03-17,uniswap-v3,1801423459
2026-03-18,uniswap-v3,1780428222
2026-03-19,uniswap-v3,1721740196
2026-03-20,uniswap-v3,1704789677
2026-03-21,uniswap-v3,1701801487
2026-03-22,uniswap-v3,1674092686
2026-03-23,uniswap-v3,1658551302
2026-03-24,uniswap-v3,1710826158
2026-03-25,uniswap-v3,1696296135
2026-03-26,uniswap-v3,1651333736
2026-03-27,uniswap-v3,1619770344
2026-03-28,uniswap-v3,1565992502
2026-03-29,uniswap-v3,1570326590
2026-03-30,uniswap-v3,1567884938
2026-03-31,uniswap-v3,1580208329
2026-04-01,uniswap-v3,1611706625
2026-04-02,uniswap-v3,1636151982
2026-04-03,uniswap-v3,1592473876
2026-04-04,uniswap-v3,1592229565
2026-04-05,uniswap-v3,1601433361
2026-04-06,uniswap-v3,1610958548
2026-04-07,uniswap-v3,1625117225
2026-04-08,uniswap-v3,1688784366
2026-04-09,uniswap-v3,1664319761
2026-04-10,uniswap-v3,1674081526
2026-04-11,uniswap-v3,1697315382
2026-04-13,uniswap-v3,1666020202
2026-04-14,uniswap-v3,1725016413
2026-04-15,uniswap-v3,1702389972
2026-04-16,uniswap-v3,1726141051
2026-04-17,uniswap-v3,1725629960
2026-04-18,uniswap-v3,1754056018
2026-04-19,uniswap-v3,1719862762
2026-04-20,uniswap-v3,1674476143
2026-04-21,uniswap-v3,1684699970
2026-04-22,uniswap-v3,1689683612
2026-04-23,uniswap-v3,1696947839
2026-04-24,uniswap-v3,1685339614
2026-04-25,uniswap-v3,1696548926
2026-04-26,uniswap-v3,1716382422
2026-04-27,uniswap-v3,1732244081
2026-04-28,uniswap-v3,1712342780
2026-04-29,uniswap-v3,1702999476
2026-04-30,uniswap-v3,1715334506
2026-05-01,uniswap-v3,1779794470
2026-05-02,uniswap-v3,1794370068
2026-05-03,uniswap-v3,1812400244
2026-05-04,uniswap-v3,1811507948
2026-05-05,uniswap-v3,1836788064
2026-05-06,uniswap-v3,1841757261
2026-05-07,uniswap-v3,1831870084
2026-05-08,uniswap-v3,1796377236
2026-05-09,uniswap-v3,1767666280
2026-05-10,uniswap-v3,1769929582
2026-05-11,uniswap-v3,1788713290
2026-05-12,uniswap-v3,1772660731
2026-05-13,uniswap-v3,2127973667
2026-05-14,uniswap-v3,2120508339
2026-05-15,uniswap-v3,2143515525
2026-05-16,uniswap-v3,2102026070
2026-05-17,uniswap-v3,2083000546
2026-05-18,uniswap-v3,2050840907
2026-05-19,uniswap-v3,1729698720
2026-05-20,uniswap-v3,1724233417
2026-05-21,uniswap-v3,1746964720
2026-05-22,uniswap-v3,1742544086
2026-05-23,uniswap-v3,1706392134
2026-05-24,uniswap-v3,1719815428
2026-05-25,uniswap-v3,1723653809
2026-05-26,uniswap-v3,1720553549
2026-05-27,uniswap-v3,1706993801
2026-05-28,uniswap-v3,1683804303
2026-05-29,uniswap-v3,1679251312
2026-05-30,uniswap-v3,1654047540
2026-05-31,uniswap-v3,1651546074
2026-06-01,uniswap-v3,1645950905
2026-06-02,uniswap-v3,1631872592
2026-06-03,uniswap-v3,1548042857
2026-06-04,uniswap-v3,1516717247
2026-06-05,uniswap-v3,1487721587
2026-06-06,uniswap-v3,1378327115
2026-06-07,uniswap-v3,1374532552
2026-06-08,uniswap-v3,1433432394
2026-06-09,uniswap-v3,1431922771
2026-06-10,uniswap-v3,1431762932
2026-06-11,uniswap-v3,1413707523
2026-06-12,uniswap-v3,1445728831
2026-06-13,uniswap-v3,1449218104
2026-06-14,uniswap-v3,1449683044
2026-06-15,uniswap-v3,1467004462
2026-06-15,uniswap-v3,1498760634
